First Name,Last Name,Title,Company,Company Name for Emails,Email,Email Status,Primary Email Source,Email Confidence,Primary Email Catch-all Status,Primary Email Last Verified At,Seniority,Departments,Contact Owner,First Phone,Work Direct Phone,Home Phone,Mobile Phone,Corporate Phone,Other Phone,Stage,Lists,Last Contacted,Account Owner,# Employees,Industry,Keywords,Person Linkedin Url,Website,Company Linkedin Url,Facebook Url,Twitter Url,City,State,Country,Company Address,Company City,Company State,Company Country,Company Phone,SEO Description,Technologies,Annual Revenue,Total Funding,Latest Funding,Latest Funding Amount,Last Raised At,Email Sent,Email Open,Email Bounced,Replied,Demoed,Number of Retail Locations,Apollo Contact Id,Apollo Account Id,Secondary Email,Secondary Email Source,Tertiary Email,Tertiary Email Source,Primary Intent Topic,Primary Intent Score,Secondary Intent Topic,Secondary Intent Score
Ashish,Pandya,Deputy Manager Human Resources,BKT Tires,BKT Tires,ashish.pandya@bkt-tires.com,Verified,Apollo,"",Not Catch-all,2024-10-18T20:16:34+00:00,Manager,Human Resources,cloud4coolkids@gmail.com,'+91 80030 94001,"","","",'+91 80030 94001,"",Cold,"","",cloud4coolkids@gmail.com,2600,automotive,"",http://www.linkedin.com/in/ashish-pandya-782232205,http://www.bkt-tires.com,http://www.linkedin.com/company/bkt-tyres,https://www.facebook.com/BKTTires,https://twitter.com/BKTtires,Mundra,Gujarat,India,"15 S B Marg, Mumbai, Maharashtra, India, 400013",Mumbai,Maharashtra,India,'+91 80030 94001,"BKT Tires is a leading manufacturer in the off-highway tire market. Specializing in the manufacture of tires for agricultural, industrial and OTR vehicles.","Outlook, Microsoft Office 365, Microsoft Azure Hosting, Active Campaign, Atlassian Cloud, Adobe Media Optimizer, Vimeo, reCAPTCHA, Google Analytics, JQuery 2.1.1, Mobile Friendly, Facebook Custom Audiences, Facebook Login (Connect), Cedexis Radar, Google Tag Manager, Facebook Widget, WordPress.org, SAP, Remote",31300000,"","","","","",false,false,false,false,"",6729de96d34e3600018d83af,6729de97d34e3600018d83db,"","","","","","","",""
Sanjeet,Kumar,National Head - Healthcare,Associated Broadcasting Co. Pvt Ltd (TV9),Associated Broadcasting Co. Pvt,kumar.sanjeet@tv9.com,Likely to engage,Apollo,"",Catch-all,2024-10-21T14:44:54+00:00,Head,"",cloud4coolkids@gmail.com,'+91 99482 90901,"","","",'+91 99482 90901,"",Cold,"","",cloud4coolkids@gmail.com,1900,media production,"",http://www.linkedin.com/in/sanjeet-kumar-a9344731,http://www.tv9.com,http://www.linkedin.com/company/tv9-network,https://www.facebook.com/TV9Bharatvarsh/,https://twitter.com/Tv9Bharatvarsh,Gautam Buddha Nagar,Uttar Pradesh,India,"100 Road No. 3, Hyderabad, Telangana, India, 500034",Hyderabad,Telangana,India,'+91 99482 90901,"","Amazon CloudFront, Route 53, Sendgrid, Gmail, Outlook, Google Apps, Microsoft Office 365, Amazon AWS, Mobile Friendly, comScore, YouTube, Google Analytics, Google Tag Manager, Google Font API, Apache, Ubuntu",56000000,"","","","","",false,false,false,false,"",6729de96d34e3600018d83b8,6729de97d34e3600018d83e1,sanjeet.chaudhary11@gmail.com,Apollo,"","","","","",""
Vinita,Ferrao,Global Markets HR Discipline Leader - Talent Acquisition & Talent Management & Learning,Dow,Dow,vferrao@dow.com,Likely to engage,Apollo,"",Catch-all,2024-10-16T20:35:30+00:00,Entry,Human Resources,cloud4coolkids@gmail.com,'+1 989-832-1542,"","","",'+1 989-832-1542,"",Cold,"","",cloud4coolkids@gmail.com,45000,chemicals,"clean technology, chemicals, packaging, infrastructure, consumer products",http://www.linkedin.com/in/vinita-ferrao-a085054,http://www.dow.com,http://www.linkedin.com/company/dow-chemical,https://www.facebook.com/dow/,https://twitter.com/DowNewsroom,Mumbai,Maharashtra,India,"Midland, Michigan, United States, 48674",Midland,Michigan,United States,'+1 989-832-1542,"Dow is a materials science company that offers a wide range of products and services, including agricultural films, construction materials, and medical packaging. We are committed to innovation and sustainability.","Akamai, Akamai DNS, Outlook, Microsoft Office 365, Brightcove, Backbone JS Library, Eloqua, VueJS, Atlassian Cloud, OneTrust, Omniture (Adobe), Salesforce, Google Tag Manager, Facebook Custom Audiences, Google Analytics, New Relic, Mobile Friendly, Google Maps, Google translate API, Twitter Advertising, dynaTrace, Facebook Widget, Scene7, Google translate widget, Ruxit, Workday Recruit, Hotjar, Disqus, Adobe TestAndTarget, Google Maps (Non Paid Users), YouTube, Intercom, SOASTA, WordPress.org, Vimeo, Bootstrap Framework, Adobe Media Optimizer, Gettyimages, Shutterstock, Qualtrics, Facebook Login (Connect), Google Font API, DoubleClick Floodlight, Linkedin Marketing Solutions, GoToWebinar, Multilingual, Adobe CQ, Cedexis Radar, Wistia, Remote",44600000000,"","","","","",false,false,false,false,"",6729de96d34e3600018d83b4,6729de97d34e3600018d83de,vinita.jenifer@gmail.com,Apollo,"","","","","",""
Vishwa,Mohan,Founder and CEO,AIMERZ,AIMERZ,vishwa@aimerz.ai,Likely to engage,Apollo,"",Not Catch-all,2024-10-24T16:11:53+00:00,Founder,C-Suite,cloud4coolkids@gmail.com,"","","","","","",Cold,"","",cloud4coolkids@gmail.com,52,government administration,"",http://www.linkedin.com/in/vishwa-mohan,http://www.aimerz.ai,http://www.linkedin.com/company/aimerz,"","",Bengaluru,Karnataka,India,"4th Cross Road, Bengaluru, Karnataka, India, 560102",Bengaluru,Karnataka,India,"","Aimerz - India's first job focused upskilling platform, our aim is to make sure that learning isn't just about absorbing knowledge but is also about being directed towards a fruitful outcome.","Gmail, Google Apps, Amazon AWS, Ubuntu, Nginx, Mobile Friendly, Facebook Widget, Facebook Custom Audiences, Facebook Login (Connect)","","","","","","",false,false,false,false,"",6729de96d34e3600018d83b6,6729de97d34e3600018d83df,kankvish@gmail.com,Apollo,"","","","","",""
Karthi,Subbaraman,Senior Design Director,Salesforce,Salesforce,ksubbaraman@salesforce.com,Likely to engage,Apollo,"",Not Catch-all,2024-11-04T10:38:58+00:00,Director,Design,cloud4coolkids@gmail.com,'+1 800-664-9073,"","","",'+1 800-664-9073,"",Cold,"","",cloud4coolkids@gmail.com,79000,information technology & services,enterprise cloud computing & customer relationship management,http://www.linkedin.com/in/skarthi,http://www.salesforce.com,http://www.linkedin.com/company/salesforce,https://facebook.com/salesforce/,https://twitter.com/salesforce,"",Andhra Pradesh,India,"415 Mission Street, San Francisco, California, United States, 94105",San Francisco,California,United States,'+1 800-664-9073,"Salesforce, the #1 AI CRM, enables companies to connect with customers through a unified Einstein 1 platform that combines CRM, AI, Data, and Trust.","Akamai, Salesforce, Gmail, Google Apps, Bluekai, Taboola Newsroom, Chartbeat, Vidyard, Drupal, Tableau, React Redux, Adobe CQ, Salesforce Live Agent, Adobe Marketing Cloud, Wordpress VIP, Omniture (Adobe), Ruby On Rails, Nginx, Optimizely, DemandBase, Facebook Widget, Cloudinary, Adobe Media Optimizer, SOASTA, WordPress.org, ON24, Mobile Friendly, New Relic, Google Font API, Facebook Login (Connect), GetFeedback, Google Tag Manager, Facebook Custom Audiences, Mulesoft, YouTube, Linkedin Marketing Solutions, Multilingual, Evergage, Google Analytics, Wistia, Pardot, Apache, Varnish",36465000000,8997223285,Other,"",2023-01-01,"",false,false,false,false,"",6729de96d34e3600018d83be,670f7b9c5dcec603eb066571,karthi2209@gmail.com,Apollo,"","","","","",""
Esha,Mal,Director Talent Acquisition,Delhivery,Delhivery,esha.mal@delhivery.com,Likely to engage,Apollo,"",Not Catch-all,2024-10-31T08:13:57+00:00,Director,Human Resources,cloud4coolkids@gmail.com,'+91 12467 19666,"","","",'+91 12467 19666,"",Cold,"","",cloud4coolkids@gmail.com,64000,hospitality,"hospitality, omnichannel solutions, order fulfillment solutions, reverse logistics, payment collection, express shipping, logistics technology, online channel integration, catalogue management, inventory management, multi city fufillment, freight, cross border shipping, ecommerce shipping, end to end logistics",http://www.linkedin.com/in/esha-mal,http://www.delhivery.com,http://www.linkedin.com/company/delhivery,https://facebook.com/delhivery,https://twitter.com/delhivery,Gurgaon,Haryana,India,"5, Gurugram, Haryana, India, 122002",Gurugram,Haryana,India,'+91 12467 19666,"Delhivery Limited is India's largest integrated 3rd Party Logistics Service Provider. We provide express parcel, warehousing, cross-border, fulfilment, supply chain, freight & tracking. Sign up to start shipping with Delhivery as a B2B enterprise, D2C Company, Small Business or for your personal courier.","Amazon CloudFront, Route 53, Amazon SES, Sendgrid, Gmail, Google Apps, MailChimp SPF, Microsoft Office 365, Amazon AWS, Outlook, Mailchimp Mandrill, VueJS, React Redux, Salesforce, Hubspot, Mobile Friendly, Hotjar, DoubleClick, New Relic, Bootstrap Framework, Google AdWords Conversion, Vimeo, Stripe, Multilingual, reCAPTCHA, YouTube, Facebook Custom Audiences, Google Font API, Google Analytics, Facebook Login (Connect), Google Dynamic Remarketing, Google Play, Linkedin Marketing Solutions, WordPress.org, Google Plus, Adobe Media Optimizer, Google Tag Manager, Cedexis Radar, Facebook Widget, DoubleClick Conversion, Nginx, FullStory, Disqus, Google AdSense, Intercom, Segment.io, Render, AI",980000000,2712553362,Other,108977252,2024-04-01,"",false,false,false,false,"",6729de96d34e3600018d83cc,6729de97d34e3600018d83e9,"","","","","","","",""
Nimisha,Tiwari,Associate Manager - Talent Acquisition,NLB Services,NLB Services,nimisha.tiwari@nlbservices.com,Likely to engage,Apollo,"",Catch-all,2024-10-21T14:44:54+00:00,Manager,Human Resources,cloud4coolkids@gmail.com,'+1 770-456-5434,"","","",'+1 770-456-5434,"",Cold,"","",cloud4coolkids@gmail.com,2100,information technology & services,"mobile, information technology, permanent staffing, contract stafffing, contracttohire staffing, executive consulting, strategy consulting, erp consulting, business intelligence, data warehousing consulting, it operations consulting, technology implementation partners, outsourcing management, consulting, analytics, indirect tax digital transformation, cyber, information security, staff augmentation, logistics, supply chain management, logistics optimization, logistics analytics, talent supplementation, erm, crm, tax, trade, compliance, data analytics, management, business process optimization, digital security, eor, gcc, global captive centre, employer of record, contingent staffing, temp staffing, eor services, talent solutions, rpo, recruitment process outsourcing, recruitment services, manpower services, talent management, vetted talent community, payroll services, gic, global capability centre, executive search",http://www.linkedin.com/in/nimisha-tiwari-b5b85914b,http://www.nlbservices.com,http://www.linkedin.com/company/nlb-services,https://facebook.com/nlbservices/,https://twitter.com/nlbsinc,Noida,Uttar Pradesh,India,"221 Roswell St, Alpharetta, Georgia, United States, 30009-1933",Alpharetta,Georgia,United States,'+1 770-456-5434,"NLB Services is one of the best talent solutions company, providing workforce solutions globally. We help companies recruit, hire, and manage employees.","Cloudflare DNS, Gmail, Google Apps, Amazon AWS, WP Engine, UPS, Hubspot, Linkedin Marketing Solutions, Cedexis Radar, Facebook Login (Connect), Vimeo, Mobile Friendly, Google Dynamic Remarketing, reCAPTCHA, Shutterstock, Facebook Custom Audiences, Google Tag Manager, Adobe Media Optimizer, Google AdWords Conversion, Google Font API, A2Z Inc, Facebook Widget, DoubleClick, Eventbrite, DoubleClick Conversion, Bootstrap Framework, WordPress.org, Data Analytics, , Remote, Phoenix",300000000,"","","","","",false,false,false,false,"",6729de96d34e3600018d83d6,67109ff7b5e0250001efd62b,"","","","","","","",""
Manisha,Sancheti,Founder,Innovative Infinity IT Solutions,Innovative Infinity IT Solutions,manisha.sancheti@iiitsolutions.com,Likely to engage,Apollo,"",Not Catch-all,2024-10-21T09:32:19+00:00,Founder,C-Suite,cloud4coolkids@gmail.com,'+91 93284 76209,"","","",'+91 93284 76209,"",Cold,"","",cloud4coolkids@gmail.com,3,information technology & services,"",http://www.linkedin.com/in/manisha-sancheti-356188146,http://www.iiitsolutions.com,http://www.linkedin.com/company/innovative-infinity-it-solutions,"","",Ahmedabad,Gujarat,India,"Ahmedabad, Gujarat, India",Ahmedabad,Gujarat,India,'+91 93284 76209,Innovative Infinity IT Solutions (IIIT Solution) is a leading IT HR consultancy operating in India and Nepal.,"Apache, Bootstrap Framework","","","","","","",false,false,false,false,"",6729de96d34e3600018d83c4,6729de97d34e3600018d83e7,manisha18.san@gmail.com,Apollo,"","","","","",""
Anmol,Gilra,Manager,Axis Bank,Axis Bank,anmol.gilra@axisbank.com,Likely to engage,Apollo,"",Catch-all,2024-10-24T08:23:08+00:00,Manager,"",cloud4coolkids@gmail.com,'+91 22 2425 2525,"","","",'+91 22 2425 2525,"",Cold,"","",cloud4coolkids@gmail.com,104000,banking,"cash management services, debt syndication, m, a advisory, pe advisory, retail financial services, trade finance, mortgages, sme loans, banking services",http://www.linkedin.com/in/anmolgilra,http://www.axisbank.com,http://www.linkedin.com/company/axis-bank,https://www.facebook.com/axisbank,https://twitter.com/axisbank,Mumbai,Maharashtra,India,"C-2 Pandurang Budhkar Marg, Mumbai, Maharashtra, India, 400025",Mumbai,Maharashtra,India,'+91 22 2425 2525,We are third largest private sector bank in India offering entire spectrum of financial services for personal & corporate banking.,"Akamai, Akamai DNS, Outlook, Microsoft Office 365, Adobe Marketing Cloud, Eloqua, Create React App, Salesforce, DoubleClick Conversion, Facebook Widget, Ruxit, Bootstrap Framework, Google Maps (Non Paid Users), Yahoo Ad Manager Plus, DoubleClick Floodlight, Amazon Associates, Vimeo, Google Tag Manager, Google translate widget, Scene7, Google AdSense, Bing Ads, CrazyEgg, Facebook Login (Connect), Twitter Advertising, Highcharts JS Library, Google Analytics, Cedexis Radar, Vizury, Google translate API, SOASTA, Linkedin Marketing Solutions, Stripe, Outbrain, greyscale - grey, Yahoo Analytics, Facebook Custom Audiences, Shutterstock, Mobile Friendly, Google Dynamic Remarketing, Google Play, Adobe Media Optimizer, Google Font API, HasOffers, DoubleClick, Google AdWords Conversion, YouTube, Google Maps, Visa Checkout",6991965000,5723958452,Other,249218452,2024-06-01,"",false,false,false,false,"",6729de96d34e3600018d83c0,6729de97d34e3600018d83e4,"","","","","","","",""
Bhavya,Goel,Chief Executive Officer,Bglsocials,Bglsocials,bhavya@bglsocials.com,Likely to engage,Apollo,"",Not Catch-all,2024-10-15T09:54:22+00:00,C suite,C-Suite,cloud4coolkids@gmail.com,"","","","","","",Cold,"","",cloud4coolkids@gmail.com,3,marketing & advertising,"social media design, instagram design, social media strategy, graphic design, copywriting, reels editing, instragram marketing, personal branding",http://www.linkedin.com/in/bhavya-goel-b927a71a4,http://www.bglsocials.com,http://www.linkedin.com/company/bgl-socials,"","",Noida,Uttar Pradesh,India,"Uttar Pradesh, India, 201301","",Uttar Pradesh,India,"",Generate 3x revenue through social media management using Bglsocials's  5-Step Social Media Lift Programme,"Gmail, Google Apps, Google Cloud Hosting, Shutterstock, WordPress.org, Varnish, Wix, Mobile Friendly, Circle, Google Workspace, AI, Remote, , ZoomInfo, Android, Flutter, Canva, Basis, Node.js","","","","","","",false,false,false,false,"",6729de96d34e3600018d83c3,6729de97d34e3600018d83e6,"","","","","","","",""
Neelu,Khatri,Co-Founder and SVP Akasa Air,Akasa Air,Akasa Air,neelu.khatri@akasaair.com,Likely to engage,Apollo,"",Not Catch-all,2024-11-05T06:18:39+00:00,Founder,C-Suite,cloud4coolkids@gmail.com,"","","","","","",Cold,"","",cloud4coolkids@gmail.com,2200,airlines/aviation,"",http://www.linkedin.com/in/neelu-khatri,http://www.akasaair.com,http://www.linkedin.com/company/akasaair,https://facebook.com/AkasaAir,https://twitter.com/AkasaAir,New Delhi,Delhi,India,"G K Marg, Mumbai, Maharashtra, India, 400013",Mumbai,Maharashtra,India,"","","Amazon CloudFront, Route 53, Outlook, Amazon AWS, Vercel, Sophos, Google AdSense, Nginx, Multilingual, DoubleClick Conversion, Bing Ads, Google AdWords Conversion, Adobe Media Optimizer, Facebook Custom Audiences, Vimeo, Mobile Friendly, Google Font API, Cedexis Radar, Google Dynamic Remarketing, Google Tag Manager, Facebook Widget, Disqus, Facebook Login (Connect), DoubleClick, MouseFlow, YouTube, DoubleClick Floodlight, Google Play, SAP, AI, Remote, PayU, Razorpay, Android, Alteryx, Data Analytics, Tableau, , Snowflake",85000000,"","","","","",false,false,false,false,"",6729de96d34e3600018d83b3,6729de97d34e3600018d83dd,"","","","","","","",""
Koushika,Krishnan,Client Relationship Manager,INNOVATE IT AUSTRALIA,INNOVATE IT AUSTRALIA,koushika@innovat.com.au,Verified,Apollo,"",Not Catch-all,2024-10-29T05:42:42+00:00,Manager,"",cloud4coolkids@gmail.com,"","","","","","",Cold,"","",cloud4coolkids@gmail.com,62,human resources,"",http://www.linkedin.com/in/koushika-krishnan-b0aa4084,http://www.innovat.com.au,http://www.linkedin.com/company/innovateit,"","",Chennai,Tamil Nadu,India,"300 Barangaroo Ave, Sydney, New South Wales, Australia, 2000",Sydney,New South Wales,Australia,"","",", ","","","","","","",false,false,false,false,"",6729de96d34e3600018d83d3,6729de97d34e3600018d83ec,"","","","","","","",""
Pushkaraj,Shenai,Group CEO Kedaara Healthcare,Kedaara Capital,Kedaara Capital,pushkaraj.shenai@kedaara.com,Likely to engage,Apollo,"","",2024-11-05T08:34:45+00:00,C suite,C-Suite,cloud4coolkids@gmail.com,'+91 22615 58000,"","","",'+91 22615 58000,"",Cold,"","",cloud4coolkids@gmail.com,73,financial services,"",http://www.linkedin.com/in/pushkaraj,http://www.kedaara.com,http://www.linkedin.com/company/kedaara-capital,"","",Mumbai,Maharashtra,India,"Senapati Bapat Marg, Mumbai, Maharashtra, India, 400013",Mumbai,Maharashtra,India,'+91 22615 58000,"Kedaara Capital is one of the top investment management companies in Mumbai, India. We are a private equity fund focused on growth-oriented strategic and minority investments in India. The fund’s investment approach blends skilled investment judgment with extensive operating experience.","Outlook, Amazon AWS, Google Tag Manager, Google Font API, Vimeo, Cedexis Radar, WordPress.org, Mobile Friendly, Adobe Media Optimizer, AT Internet, Nginx, Google Analytics, SAP, React Native, Android, Circle, Basis, AI",2500000,3580000000,Other,1730000000,2024-04-01,"",false,false,false,false,"",6729de96d34e3600018d83d1,6729de97d34e3600018d83eb,pushkaraj.shenai@gmail.com,Apollo,"","","","","",""
Vikas,Gupta,"",Alkem Laboratories Ltd.,Alkem Laboratories,vikas.gupta@alkem.com,Likely to engage,Apollo,"",Catch-all,2024-10-31T12:06:06+00:00,"","",cloud4coolkids@gmail.com,'+91 22398 29999,"","","",'+91 22398 29999,"",Cold,"","",cloud4coolkids@gmail.com,16000,pharmaceuticals,"marketing, sales",http://www.linkedin.com/in/dr-vikas-gupta-a589438,http://www.alkemlabs.com,http://www.linkedin.com/company/alkem-laboratories-ltd,https://facebook.com/AlkemLaboratoriesLtd,https://twitter.com/alkem_lab?lang=en,Mumbai,Maharashtra,India,"Senapati Bapat Marg, Mumbai, Maharashtra, India, 400013",Mumbai,Maharashtra,India,'+91 22398 29999,"Alkem Labs has 19 manufacturing units, 800 brands, business footprint in 40 countries, and many achievements to its credit. Click here to learn more.","Cloudflare DNS, CloudFlare Hosting, Google Analytics, YouTube, Bootstrap Framework, Mobile Friendly, Google Font API, reCAPTCHA, Google Maps, JQuery 1.11.1, Google Tag Manager",1549900000,60000000,Other,60000000,2015-12-01,"",false,false,false,false,"",6729de96d34e3600018d83c8,6729de97d34e3600018d83e8,"","","","","","","",""
Mukesh,Jain,Executive Vice President & CTO,Capgemini,Capgemini,mukesh.jain@capgemini.com,Likely to engage,Apollo,"",Catch-all,2024-10-28T06:34:24+00:00,C suite,"C-Suite, Engineering & Technical",cloud4coolkids@gmail.com,'+33 1 47 54 50 00,"","","",'+33 1 47 54 50 00,"",Cold,"","",cloud4coolkids@gmail.com,298000,information technology & services,"outsourcing, process consulting, package based solutions, custom solution development, application management, artificial intelligence, business consulting, cloud, digital, managed services, digital transformation, innovation, intelligent industry, sustainable it, generative ai",http://www.linkedin.com/in/mukeshjaincoach,http://www.capgemini.com,http://www.linkedin.com/company/capgemini,https://www.facebook.com/Capgemini/,https://twitter.com/Capgemini,Mumbai,Maharashtra,India,"11 Rue de Tilsitt, Paris, Ile-de-France, France, 75017",Paris,Ile-de-France,France,'+33 1 47 54 50 00,"A global leader in consulting, technology services and digital transformation, we offer an array of integrated services combining technology with deep sector expertise.","Amazon CloudFront, NSOne, Route 53, Amazon AWS, ShareThis, AngularJS, Google Analytics Ecommerce Tracking, Mobile Friendly, Google translate widget, Cedexis Radar, Google Maps (Non Paid Users), DoubleClick Floodlight, Facebook Login (Connect), Linkedin Login, Google Dynamic Remarketing, Cloudinary, Google Play, Google Maps, Disqus, reCAPTCHA, Nginx, Adobe Media Optimizer, Taboola, Google AdWords Conversion, The Trade Desk, Multilingual, Vimeo, WordPress.org, Linkedin Marketing Solutions, Google translate API, JW Player, Google Tag Manager, JobAdder, Facebook Custom Audiences, Google AdSense, Hotjar, Eventbrite, Linkedin Widget, AdRoll, Taleo, Google Font API, UltiPro, Facebook Widget, Stripe, JQuery 1.11.1, Salesforce, GoToWebinar, Pardot, React, Shutterstock, Google Analytics, DoubleClick Conversion, DoubleClick, Parse.ly, Twitter Advertising, dynaTrace, YouTube, MailChimp, Drupal, New Relic, 33Across, Ruxit, SoundCloud, Yahoo Ad Manager Plus, Bootstrap Framework, Cvent",22522000000,24406812,Other,24406812,2000-06-01,"",false,false,false,false,"",6729de96d34e3600018d83cf,670f8373b4100401b0cf33eb,"","","","","","","",""
Darshita,Devani,HR Manager,TJCG Pvt. Ltd. (TJ Cloud Globe Pvt Ltd),TJCG Pvt,darshitadevani@tjcg.in,Likely to engage,Apollo,"",Not Catch-all,2024-10-21T05:11:41+00:00,Manager,Human Resources,cloud4coolkids@gmail.com,'+91 70434 84084,"","","",'+91 70434 84084,"",Cold,"","",cloud4coolkids@gmail.com,37,information technology & services,"software development, web design, graphic design, mobile app development, digital marketing",http://www.linkedin.com/in/darshita-devani-98b47721a,http://www.tjcloudglobe.com,http://www.linkedin.com/company/tjcgpvtltd,https://www.facebook.com/tjcloud.globe.12,https://twitter.com/TJCGLtd,Ahmedabad,Gujarat,India,"150 Feet Ring Road, Rajkot, Gujarat, India, 360007",Rajkot,Gujarat,India,'+91 70434 84084,"","Google Tag Manager, GoDaddy Verified, Mobile Friendly, Bootstrap Framework, reCAPTCHA, Node.js, React Native, Android, Python, Basis, Reviews, Remote, Laravel, Flutter","","","","","","",false,false,false,false,"",6729de96d34e3600018d83ba,6729de97d34e3600018d83e2,"","","","","","","",""
Vishal,Singh,Senior Software Engineer,Curefit - house of cult,Curefit,vishal.singh@cure.fit,Likely to engage,Apollo,"",Not Catch-all,2024-11-05T07:51:38+00:00,Senior,Engineering & Technical,cloud4coolkids@gmail.com,"","","","","","",Cold,"","",cloud4coolkids@gmail.com,4000,"health, wellness & fitness","health, wellness",http://www.linkedin.com/in/vishal-kumar-singh-312002157,http://www.cult.fit,http://www.linkedin.com/company/cult.fit,https://www.facebook.com/cultfitofficial,https://twitter.com/cultfitOfficial,Bengaluru,Karnataka,India,"Bengaluru, Karnataka, India, 560102",Bengaluru,Karnataka,India,"","Join our group workouts, gym sessions, and sports like swimming, badminton & more. Experience unlimited fitness sessions with cultpass, Book your Free Trial now!","Cloudflare DNS, Amazon SES, Gmail, Google Apps, Amazon AWS, CloudFlare Hosting, Amazon CloudFront, Amazon Elastic Load Balancer, Route 53, Mailchimp Mandrill, Salesforce, Mixpanel, Backbone JS Library, Zendesk, Atlassian Cloud, React, MongoDB, Mobile Friendly, DoubleClick, reCAPTCHA, Google Font API, Disqus, Google Tag Manager, Twitter Advertising, Facebook Custom Audiences, iTunes, Vimeo, SOASTA, Bing Ads, Adobe Media Optimizer, Google Play, Facebook Login (Connect), Google AdSense, Cedexis Radar, Google Dynamic Remarketing, Google Maps (Non Paid Users), WordPress.org, DoubleClick Conversion, Ruby On Rails, Bootstrap Framework, Google Analytics, AngularJS, Google Maps, Facebook Widget, DoubleClick Floodlight, Linkedin Marketing Solutions, Google AdWords Conversion, Google Plus, SumoMe, Wordpress.com, BuddyPress, Micro, AI, Basis",42000000,561495321,Series F,10200000,2024-02-01,"",false,false,false,false,"",6729de96d34e3600018d83ce,6729de97d34e3600018d83ea,"","","","","","","",""
Shruti,Sonawane,Management Trainee,Integrace Health,Integrace Health,shruti.sonawane@integracehealth.com,Verified,Apollo,"",Not Catch-all,2024-10-21T07:42:36+00:00,Entry,"",cloud4coolkids@gmail.com,'+91 22684 56900,"","","",'+91 22684 56900,"",Cold,"","",cloud4coolkids@gmail.com,500,pharmaceuticals,"",http://www.linkedin.com/in/shruti-sonawane-profile,http://www.integracehealth.com,http://www.linkedin.com/company/integracehealth,https://facebook.com/integracehealth,https://twitter.com/integraceh,Mumbai,Maharashtra,India,"Mumbai, Maharashtra, India, 400070",Mumbai,Maharashtra,India,'+91 22684 56900,"","Outlook, Microsoft Office 365, Microsoft Azure Hosting, Google Font API, Ubuntu, WordPress.org, Google Tag Manager, Google Maps (Non Paid Users), Apache, Microsoft-IIS, Bootstrap Framework, Google Maps, Mobile Friendly, Shutterstock, SAP","","","","","","",false,false,false,false,"",6729de96d34e3600018d83d4,6729de97d34e3600018d83ed,"","","","","","","",""
Ninad,Karpe,Partner,100X.VC,100X.VC,ninad@100x.vc,Likely to engage,Apollo,"",Not Catch-all,2024-10-28T10:30:20+00:00,Partner,"",cloud4coolkids@gmail.com,"","","","","","",Cold,"","",cloud4coolkids@gmail.com,34,venture capital & private equity,"seed investment, early stage capital, startups, venture capital",http://www.linkedin.com/in/ninadkarpe,http://www.100x.vc,http://www.linkedin.com/company/100x-vc,https://facebook.com/100X.VC/,https://twitter.com/100X_VC,"",Maharashtra,India,"Mumbai, Maharashtra, India, 400079",Mumbai,Maharashtra,India,"","100X.VC, a venture capital firm created a new model for funding early stage startups in India. 100X.VC is a SEBI Registered AIF.","Cloudflare DNS, Amazon SES, Sendgrid, Gmail, Google Apps, CloudFlare Hosting, Microsoft Application Insights, Vercel, React, Google Maps, Google Font API, Google Tag Manager, Google Maps (Non Paid Users), YouTube, Mobile Friendly, IoT, Android, , Basis, AI","","","","","","",false,false,false,false,"",6729de96d34e3600018d83c2,6729de97d34e3600018d83e5,"","","","","","","",""
Praisy,Christian,Senior Human Resources Executive,CMARIX,CMARIX,praisy.christian@cmarix.com,Likely to engage,Apollo,"",Not Catch-all,2024-10-15T10:06:49+00:00,Senior,Human Resources,cloud4coolkids@gmail.com,'+91 80000 50808,"","","",'+91 80000 50808,"",Cold,"","",cloud4coolkids@gmail.com,200,information technology & services,"mobile app development, web development, custom software development, enterprise software development",http://www.linkedin.com/in/praisy-christian-b63398a1,http://www.cmarix.com,http://www.linkedin.com/company/cmarix,https://www.facebook.com/cmarixinfotech,https://twitter.com/CMARIXTechLabs,Ahmedabad,Gujarat,India,"Drive Road, Ahmedabad, Gujarat, India, 380052",Ahmedabad,Gujarat,India,'+91 80000 50808,"CMARIX is a leading technology Outsourcing company with CMMi level 3, ISO 27001, ISO 9001:2015 certifications in India and USA that specialize in, Enterprise Software, Mobile Apps and Custom Web Application Development with clients across the globe.","Route 53, SendInBlue, Gmail, Google Apps, Amazon AWS, Google Analytics, Mobile Friendly, Apache, Vimeo, YouTube, Google Font API, Multilingual, Ubuntu, WordPress.org, Bootstrap Framework, Google Tag Manager, Python, Basis, AI",3000000,"","","","","",false,false,false,false,"",6729de96d34e3600018d83b1,6729de97d34e3600018d83dc,"","","","","","","",""
Sakshi,Singh,Senior Talent Partner,Adobe,Adobe,sakshsin@adobe.com,Likely to engage,Apollo,"",Catch-all,2024-10-09T09:59:19+00:00,Partner,Human Resources,cloud4coolkids@gmail.com,'+1 408-536-6000,"","","",'+1 408-536-6000,"",Cold,"","",cloud4coolkids@gmail.com,43000,information technology & services,"advertising, consumer internet, internet, information technology, software, creative cloud, digital marketing, web experience management, digital media, creative suite, digital publishing, photoshop, online analytics, illustrator, touch apps, acrobat, mobile apps, social marketing, web marketing, social measurement",http://www.linkedin.com/in/sakshi-singh-she-her-3557a223,http://www.adobe.com,http://www.linkedin.com/company/adobe,https://facebook.com/Adobe,https://twitter.com/AdobeMktgCloud,"",Delhi,India,"345 Park Avenue, San Jose, California, United States, 95110",San Jose,California,United States,'+1 408-536-6000,"Adobe is changing the world through digital experiences. We help our customers create, deliver and optimize content and applications.","Akamai, Akamai DNS, Outlook, Adobe Connect, Open AdStream (Appnexus), Multilingual, Unreal Engine, Omniture (Adobe), Facebook Widget, iPerceptions, Facebook Login (Connect), DemandBase, Adobe Media Optimizer, Akamai RUM, Scene7, Eventbrite, Marketo, Amadesa, Advanced Solutions International (ASi), UserVoice, SOASTA, Nginx, OpenSSL, Google Font API, Vimeo, Apache, Bing Ads, Ruby On Rails, YouTube, iTunes, Ghostery (formerly Evidon), Google Analytics, BugHerd, Typekit, Varnish, Google Play, Google Tag Manager, New Relic, Mobile Friendly",20947000000,20000000,Series C,10000000,2013-05-30,"",false,false,false,false,"",6729de96d34e3600018d83ca,670f65832ecc4302ce66ffd6,"","","","","","","",""
Avani,Mashru,HR Manager,TatvaSoft,TatvaSoft,avani.mashru@tatvasoft.com,Likely to engage,Apollo,"",Not Catch-all,2024-10-18T07:18:07+00:00,Manager,Human Resources,cloud4coolkids@gmail.com,'+91 96014 21472,"","","",'+91 96014 21472,"",Cold,"","",cloud4coolkids@gmail.com,1600,information technology & services,"custom software development, product development, mobile apps development, web development, software testing, qa, enterprise solutions, cloud services, dedicated development center, product maintenance, software outsourcing, ui, ux design",http://www.linkedin.com/in/avanitatvasoft,http://www.tatvasoft.com,http://www.linkedin.com/company/tatvasoft,https://www.facebook.com/TatvaSoft,https://twitter.com/tatvasoft,Ahmedabad,Gujarat,India,"Rajpath Club Road, Ahmedabad, Gujarat, India, 380054",Ahmedabad,Gujarat,India,'+91 96014 21472,Tatvasoft is one of the leading global software development company with customers spanned across 36 countries and working in more than 10 industry domains.,"Cloudflare DNS, Outlook, CloudFlare Hosting, CloudFlare, Salesforce, Google Dynamic Remarketing, Mobile Friendly, Google Tag Manager, Google Font API, DoubleClick Conversion, WordPress.org, DoubleClick, YouTube, Google Custom Search, reCAPTCHA, Google Analytics, AI",109300000,"","","","","",false,false,false,false,"",6729de96d34e3600018d83bc,6729de97d34e3600018d83e3,"","","","","","","",""
Shivani,Solanki,Senior Human Resources Executive,Winlancer Technologies Pvt Ltd,Winlancer Technologies Pvt,shivani@aquilatechsolution.com,Likely to engage,Apollo,"","",2024-10-21T05:58:48+00:00,Senior,Human Resources,cloud4coolkids@gmail.com,'+91 73140 04410,"","","",'+91 73140 04410,"",Cold,"","",cloud4coolkids@gmail.com,44,information technology & services,"ui design, digital marketing, technical support, xamarin, mvvm cross, xamarin forms, react native, ionic, phonegap, android native app development, ios, android, reactjs, it company, development services, software solution",http://www.linkedin.com/in/shivani-solanki-ab3a52176,http://www.winlancers.com,http://www.linkedin.com/company/winlancer-technologies-pvt-ltd,https://www.facebook.com/profile.php,https://twitter.com/Winlancer,Indore,Madhya Pradesh,India,"Indore, Madhya Pradesh, India, 452001",Indore,Madhya Pradesh,India,'+91 73140 04410,"","Google Font API, Bootstrap Framework, ASP.NET, Mobile Friendly, Node.js, Android, , React Native, Remote, , Laravel, Python, Basis, Flutter",2000,"","","","","",false,false,false,false,"",6729de96d34e3600018d83d8,6729c6e9c779ac00018a2ef0,"","","","","","","",""
Aakash,Anand,Co-Founder,Unikon.ai,Unikon.ai,aa@unikon.ai,Likely to engage,Apollo,"",Not Catch-all,2024-10-30T21:50:55+00:00,Founder,C-Suite,cloud4coolkids@gmail.com,"","","","","","",Cold,"","",cloud4coolkids@gmail.com,89,"","",http://www.linkedin.com/in/aakashanand,http://www.unikon.ai,http://www.linkedin.com/company/unikon-ai,"","",Gurgaon,Haryana,India,"Gurugram, Haryana, India",Gurugram,Haryana,India,"","","Route 53, Gmail, Google Apps, Amazon AWS, Facebook Login (Connect), Mobile Friendly, Facebook Custom Audiences, Facebook Widget, Google Play, AI, Android, Render, Flutter","","","","","","",false,false,false,false,"",6729de96d34e3600018d83b7,6729de97d34e3600018d83e0,aakashanand87@googlemail.com,Apollo,"","","","","",""
Sushma,Vedula,Talent Acquisition Manager,Boston Consulting Group (BCG),Boston Consulting Group,vedula.sushma@bcg.com,Likely to engage,Apollo,"","",2024-10-10T14:20:14+00:00,Manager,Human Resources,cloud4coolkids@gmail.com,'+1 617-973-1200,"","","",'+1 617-973-1200,"",Cold,"","",cloud4coolkids@gmail.com,37000,management consulting,"consulting, consumer insight, corporate development, corporate finance, digital economy, globalization, growth, information technology, innovation, marketing, sales, operations, people, organization, postmerger integration, risk management, strategy, sustainability, transformation, climate",http://www.linkedin.com/in/sushmavedula,http://www.bcg.com,http://www.linkedin.com/company/boston-consulting-group,https://www.facebook.com/BostonConsultingGroup,https://twitter.com/BCG,Bengaluru,Karnataka,India,"198 Pier 4 Blvd, Boston, Massachusetts, United States, 02210",Boston,Massachusetts,United States,'+1 617-973-1200,"Learn about BCG’s local business consulting services, read thought leadership articles across industries, and connect with our leadership team in Belgium.","Akamai, Akamai DNS, Mimecast, Microsoft Office 365, Datadog, VueJS, Atlassian Cloud, Amazon SES, Tableau, OneTrust, React Redux, Marketo, GitHub Hosting, Adobe Marketing Cloud, Salesforce, Mobile Friendly, Twitter Advertising, The Trade Desk, Greenhouse.io, Piwik, Segment.io, Typekit, Google Dynamic Remarketing, Okta (sub-domains only), Vimeo, Ensighten, Google Plus, iTunes, Adobe Media Optimizer, JQuery 2.1.1, Google Maps (Non Paid Users), Google Maps, Google Analytics, DoubleClick Conversion, Linkedin Marketing Solutions, Google Analytics Ecommerce Tracking, Adition Technologies - Publishers, Walkme, Multilingual, Stripe, Google Font API, OpinionLab, Kaltura, HeapAnalytics, Facebook Login (Connect), Google AdWords Conversion, Linkedin Widget, Google Tag Manager, DoubleClick Floodlight, WordPress.org, YouTube, Bootstrap Framework, Google Play, Adition Technologies - Advertisers, reCAPTCHA, Facebook Widget, Facebook Custom Audiences, Cvent, Cision, Kenexa, DoubleClick, Dropbox, Cedexis Radar, Disqus",11700000000,"","","","","",false,false,false,false,"",6729de96d34e3600018d83c6,670fa61d2cd42e03f5af8909,vedula_sushma@yahoo.co.in,Apollo,"","","","","",""
