First Name,Last Name,Title,Company,Company Name for Emails,Email,Email Status,Primary Email Source,Email Confidence,Primary Email Catch-all Status,Primary Email Last Verified At,Seniority,Departments,Contact Owner,First Phone,Work Direct Phone,Home Phone,Mobile Phone,Corporate Phone,Other Phone,Stage,Lists,Last Contacted,Account Owner,# Employees,Industry,Keywords,Person Linkedin Url,Website,Company Linkedin Url,Facebook Url,Twitter Url,City,State,Country,Company Address,Company City,Company State,Company Country,Company Phone,SEO Description,Technologies,Annual Revenue,Total Funding,Latest Funding,Latest Funding Amount,Last Raised At,Email Sent,Email Open,Email Bounced,Replied,Demoed,Number of Retail Locations,Apollo Contact Id,Apollo Account Id,Secondary Email,Secondary Email Source,Tertiary Email,Tertiary Email Source,Primary Intent Topic,Primary Intent Score,Secondary Intent Topic,Secondary Intent Score
Payal,Nagar,Human Resources,DXC Technology,DXC Technology,payal.nagar@dxc.com,Verifying,Apollo,"",Not Catch-all,"",Entry,Human Resources,cloud4coolkids@gmail.com,'+1 703-245-9675,"","","",'+1 703-245-9675,"",Cold,"","",cloud4coolkids@gmail.com,130000,information technology & services,"consulting, insurance bpaas & bpo, analytics & engineering, applications, security, cloud, it outsourcing, modern workplace",http://www.linkedin.com/in/payal-nagar-07003836,http://www.dxc.com,http://www.linkedin.com/company/dxctechnology,https://facebook.com/DXCTechnology,https://twitter.com/dxctechnology,Gurgaon,Haryana,India,"20408 Bashan Dr, Ashburn, Virginia, United States, 20147",Ashburn,Virginia,United States,'+1 703-245-9675,"","Bluekai, DemandBase, TubeMogul, OneTrust, Gorgias, Shopify Product Reviews, Adobe Marketing Cloud, Shopify Plus, Adobe Media Optimizer, Marketo, BugHerd, Vimeo, Facebook Widget, Google Tag Manager, Facebook Login (Connect), Mobile Friendly, Cedexis Radar, Facebook Custom Audiences, Shutterstock, ON24, Scene7, Linkedin Marketing Solutions, reCAPTCHA, Workday Recruit, Google Maps, Dropbox, Google Plus, Bizible, Google Analytics, Remote",14840000000,12000000,Other,"",2017-04-01,"",false,false,false,false,"",6729df3d7c758e0001f2b79b,6729df3d7c758e0001f2b7bd,"","","","","","","",""
Rajiv,Routh,Jt. General Manager,Patel Engineering Ltd,Patel Engineering,rajiv.routh@pateleng.com,Verifying,Apollo,"",Not Catch-all,"",Manager,"",cloud4coolkids@gmail.com,'+91 22 2676 7500,"","","",'+91 22 2676 7500,"",Cold,"","",cloud4coolkids@gmail.com,2100,construction,"",http://www.linkedin.com/in/rajiv-routh-4bbb0048,http://www.pateleng.com,http://www.linkedin.com/company/patel-engineering-ltd,"","","",Delhi,India,"Maulana Asad Madni Road, Mumbai, Maharashtra, India, 400102",Mumbai,Maharashtra,India,'+91 22 2676 7500,"","Outlook, Microsoft Office 365, Gmail, Google Apps, YouTube, DoubleClick, Google Font API, Google Custom Search, AddThis, Google AdSense",543032000,"","","","","",false,false,false,false,"",6729df3d7c758e0001f2b7ad,6729df3d7c758e0001f2b7c2,"","","","","","","",""
Ayush,Wadhwa,Founder & CEO,OWLED,OWLED,ayush@owledmedia.com,Verifying,Apollo,"",Not Catch-all,"",Founder,C-Suite,cloud4coolkids@gmail.com,"","","","","","",Cold,"","",cloud4coolkids@gmail.com,42,media production,"",http://www.linkedin.com/in/ayushwadhwa,http://www.owledmedia.com,http://www.linkedin.com/company/owled-media,"","",Bengaluru,Karnataka,India,"Bengaluru, Karnataka, India, 560008",Bengaluru,Karnataka,India,"","","Gmail, Google Apps, Ubuntu, Mobile Friendly, Apache, Basis, AI, Canva","","","","","","",false,false,false,false,"",6729df3d7c758e0001f2b790,6729df3d7c758e0001f2b7b7,"","","","","","","",""
Ezhil,Castro,Senior Talent Acquisition Specialist,Deutsche Bank,Deutsche Bank,ezhil.castro@db.com,Verifying,Apollo,"",Not Catch-all,"",Senior,Human Resources,cloud4coolkids@gmail.com,'+49 69 91000,"","","",'+49 69 91000,"",Cold,"","",cloud4coolkids@gmail.com,91000,financial services,"banking, financial services, finance, investment banking, asset management, retail banking, private wealth management, private banking, transaction banking",http://www.linkedin.com/in/ezhil-castro-641a05aa,http://www.db.com,http://www.linkedin.com/company/deutsche-bank,https://facebook.com/DeutscheBank/,https://twitter.com/DeutscheBank,Bengaluru,Karnataka,India,"12 Taunusanlage, Frankfurt am Main, Hessen, Germany, 60325",Frankfurt am Main,Hessen,Germany,'+49 69 91000,"Discover Deutsche Bank, one of the world’s leading financial services providers. News and Information about the bank and its products","Akamai, Microsoft Office 365, ExactTarget, VueJS, WP Engine, Atlassian Cloud, Hubspot, Mobile Friendly, Apache, Nginx, Remote",31868885000,2780807400,Debt Financing,538415000,2024-07-01,"",false,false,false,false,"",6729df3d7c758e0001f2b79f,6729bf8c98f7d80001bfbf9e,"","","","","","","",""
Gayatri,Chindarkar,Talent Acquisition at LEK,L.E.K. Consulting,L.E.K. Consulting,g.chindarkar@lek.com,Verifying,Apollo,"","","",Entry,Human Resources,cloud4coolkids@gmail.com,'+1 617-951-9500,"","","",'+1 617-951-9500,"",Cold,"","",cloud4coolkids@gmail.com,4000,management consulting,"digital, marketing, sales, mergers, acquisitions, organization, performance, performance improvement, private equity, strategy, value activation, sustainability, artificial intelligence, data, analytics, analytical science, major capital projects advisory, post merger integration, pricing, revenue optimization",http://www.linkedin.com/in/gayatri-chindarkar-a84b53204,http://www.lek.com,http://www.linkedin.com/company/lekconsulting,http://www.facebook.com/L.E.K.Consulting,http://www.twitter.com/lek_consulting,Mumbai,Maharashtra,India,"75 State Street, Boston, Massachusetts, United States, 02109",Boston,Massachusetts,United States,'+1 617-951-9500,L.E.K. Consulting is a global strategy consulting firm. We help clients achieve high impact results with our deep industry expertise and rigorous analysis,"Fastly CDN, Mimecast, Outlook, Drupal, Pantheon, OneTrust, Pardot, DoubleClick, Cedexis Radar, Varnish, Vimeo, Brighttalk, Mobile Friendly, Google Tag Manager, Adform, Google AdWords Conversion, ShareThis, New Relic, AppNexus, DoubleClick Conversion, LiveRamp, Wistia, Adobe Media Optimizer, Google Dynamic Remarketing, Nginx, Linkedin Marketing Solutions, WordPress.org",850000000,"","","","","",false,false,false,false,"",6729df3d7c758e0001f2b7a5,6729df3d7c758e0001f2b7c0,"","","","","","","",""
M,Kumar,Independent Director and Chairman of Audit Committee,Wheels India Limited,Wheels India Limited,mkumar@wheels.com,Verifying,Apollo,"",Catch-all,"",Director,Finance,cloud4coolkids@gmail.com,'+91 44262 58511,"","","",'+91 44262 58511,"",Cold,"","",cloud4coolkids@gmail.com,10000,mechanical or industrial engineering,"wheels, automobile, manufacturers, steel wheels, forged wheels, cast wheels, tractor wheels, aluminium wheels, car wheels, bus wheels",http://www.linkedin.com/in/mpvijaykumar,http://www.wheelsindia.com,http://www.linkedin.com/company/wheelsindialimited,"","",Chennai,Tamil Nadu,India,"Madras Thiruvallur High Road, Chennai, Tamil Nadu, India, 600040",Chennai,Tamil Nadu,India,'+91 44262 58511,"","Route 53, Microsoft Office 365, Amazon AWS, Outlook, Barracuda Networks, Pardot, WP Engine, Salesforce, Mobile Friendly, Google Font API, Google Tag Manager, WordPress.org, reCAPTCHA, Bootstrap Framework, UserVoice, Ruxit, Workday Recruit, Linkedin Marketing Solutions, Walkme, Google Maps, Google Analytics, Google Maps (Non Paid Users), Facebook Login (Connect), Facebook Custom Audiences, Facebook Widget, Vimeo, AI",598197000,"","","","","",false,false,false,false,"",6729df3d7c758e0001f2b7af,6729df3d7c758e0001f2b7c3,"","","","","","","",""
Riya,Gupta,Human Resources Executive,3B Staffing LLC,3B Staffing,riya.gupta@3bstaffing.com,Verifying,Apollo,"",Not Catch-all,"",Entry,Human Resources,cloud4coolkids@gmail.com,'+1 973-988-4546,"","","",'+1 973-988-4546,"",Cold,"","",cloud4coolkids@gmail.com,280,staffing & recruiting,"",http://www.linkedin.com/in/riya-gupta-8407b91b2,http://www.3bstaffing.com,http://www.linkedin.com/company/3b-staffing-llc,https://www.facebook.com/people/3B-Staffing-LLC/61561404092041/,"",Noida,Uttar Pradesh,India,"485 US Highway 1 S, Woodbridge Township, New Jersey, United States, 08830-3000",Woodbridge Township,New Jersey,United States,'+1 973-988-4546,"","Rackspace MailGun, Outlook, Microsoft Office 365, JobDiva, Google Maps, Google Font API, Google Maps (Paid Users), Mobile Friendly, WordPress.org, Shutterstock, reCAPTCHA, , Android, Snowflake, SAP, Micro, Data Analytics, Scala, Docker, , Azure Devops, Node.js, Databricks, Splunk, Remote, , Basis, Phoenix, , SharePoint, GitLab, Reviews, Python, AI, Terraform, Ansible, Tableau","","","","","","",false,false,false,false,"",6729df3d7c758e0001f2b797,6729df3d7c758e0001f2b7bb,"","","","","","","",""
Prabhas,Panda,Founder,Excel4all,Excel4all,prabhas@excel4all.in,Verifying,Apollo,"",Catch-all,"",Founder,C-Suite,cloud4coolkids@gmail.com,'+91 99621 66117,"","","",'+91 99621 66117,"",Cold,"","",cloud4coolkids@gmail.com,2,professional training & coaching,"professional training methodologies, mirosoft office expert trainers, tableau trainer, avanced excel trainer, online training, prezi training, excel vba macro training, advanced excel training specialist, google sheets training, low cost tat saving automated solutions, power query & power pivot training, industry or domain specific training, best trainer, power bi trainer, freelance excel trainer, data analysis visualisation, ms visio trainer, microsoft powerpoint training, trainer near me, microsoft project",http://www.linkedin.com/in/excel4all,http://www.excel4all.in,http://www.linkedin.com/company/excel4all,"","",Pune,Maharashtra,India,"Pune, Maharashtra, India, 411042",Pune,Maharashtra,India,'+91 99621 66117,"","Gmail, Outlook, Google Apps, Microsoft Office 365, Nginx, Mobile Friendly, Basis, AI","","","","","","",false,false,false,false,"",6729df3d7c758e0001f2b7a1,6729df3d7c758e0001f2b7bf,"","","","","","","",""
Siddhartha,Shukla,Senior Manager Talent Acquisition - Campus Hiring Leader & Recruitment Marketing,PepsiCo,PepsiCo,siddhartha.shukla@pepsico.com,Verifying,Apollo,"","","",Manager,"Human Resources, Marketing",cloud4coolkids@gmail.com,'+1 914-253-3500,"","","",'+1 914-253-3500,"",Cold,"","",cloud4coolkids@gmail.com,318000,food & beverages,"manufacturing, sales, marketing, brand management, gatorade, tropicana, quaker oats, fritolay, pepsi, mtn dew, doritos, mirinda, pepsi max, tostitos, aquafina, sierra mist, fritos, lipton, cheetos, 7up",http://www.linkedin.com/in/siddhartha-shukla-b0120793,http://www.pepsico.com,http://www.linkedin.com/company/pepsico,https://facebook.com/PepsiCo,https://twitter.com/pepsico,Hyderabad,Telangana,India,"700 Anderson Hill Road, Harrison, New York, United States, 10577",Harrison,New York,United States,'+1 914-253-3500,"","Outlook, Microsoft Office 365, VueJS, ExactTarget, Atlassian Cloud, OneTrust, React Redux, Salesforce, Vimeo, Google Tag Manager, YouTube, Google Analytics, reCAPTCHA, Mobile Friendly, Remote",92054000000,10709000000,Debt Financing,8400000000,2023-05-01,"",false,false,false,false,"",6729df3d7c758e0001f2b7a9,670f68c06485ff01b12bb3f7,"","","","","","","",""
Sagarika,Singh,Data Scientist,Naukri.com,Naukri.com,sagarika.singh@naukri.com,Verifying,Apollo,"",Not Catch-all,"",Entry,Engineering & Technical,cloud4coolkids@gmail.com,'+91 98188 82211,"","","",'+91 98188 82211,"",Cold,"","",cloud4coolkids@gmail.com,2700,information technology & services,"software, information technology, online recruitment solution provider",http://www.linkedin.com/in/sagarika99,http://www.naukri.com,http://www.linkedin.com/company/naukri.com,https://facebook.com/Naukri,https://twitter.com/naukri,Gwalior,Madhya Pradesh,India,"Service Road, Ahmedabad, Gujarat, India, 380015",Ahmedabad,Gujarat,India,'+91 98188 82211,"","Akamai, Akamai DNS, Rackspace MailGun, Sendgrid, Outlook, Microsoft Office 365",215000000,"","","","","",false,false,false,false,"",6729df3d7c758e0001f2b788,6729beacf2c19400015bb18a,"","","","","","","",""
Priyanka,Sihag,Senior Technical Recruiter,Nirvana Insurance,Nirvana Insurance,priyanka@nirvanatech.com,Verifying,Apollo,"",Catch-all,"",Senior,Human Resources,cloud4coolkids@gmail.com,'+1 888-383-8614,"","","",'+1 888-383-8614,"",Cold,"","",cloud4coolkids@gmail.com,150,insurance,commercial insurance,http://www.linkedin.com/in/priyankasihag,http://www.nirvanatech.com,http://www.linkedin.com/company/nirvana-tech,https://facebook.com/NirvanaInsurance,https://twitter.com/NirvanaTechInc,Bengaluru,Karnataka,India,"595 Market St, San Francisco, California, United States, 94105-2802",San Francisco,California,United States,'+1 888-383-8614,"At Nirvana, we are solving risk for connected operations. Using cutting-edge technology and data, we provide insurance that rewards safety. We offer fast quotes and proactive protection to help customers save more.","Salesforce, Route 53, Sendgrid, Gmail, Google Apps, Vercel, Hubspot, Linkedin Marketing Solutions, Intercom, Facebook Login (Connect), Braintree, DoubleClick Conversion, Google Dynamic Remarketing, Mobile Friendly, Google Tag Manager, Google Font API, DoubleClick, iTunes, Google Play, Google Analytics, Facebook Custom Audiences, Facebook Widget, Google Plus, Render, Remote",1500000,79000000,Series B,57000000,2023-10-01,"",false,false,false,false,"",6729df3d7c758e0001f2b799,6729df3d7c758e0001f2b7bc,"","","","","","","",""
Ajay,Gupta,President,Niir Project Consultancy Services,Niir Project Consultancy Services,ajay@niir.org,Verifying,Apollo,"",Catch-all,"",Vp,"",cloud4coolkids@gmail.com,'+91 98110 43595,"","","",'+91 98110 43595,"",Cold,"","",cloud4coolkids@gmail.com,16,management consulting,"project consultancy, publishing",http://www.linkedin.com/in/ajay-kumar-gupta-55b79819,http://www.niir.org,http://www.linkedin.com/company/niir-project-consultancy-services,https://www.facebook.com/NIIR.ORG/,https://twitter.com/npcs_in,"",Delhi,India,"New Delhi, Delhi, India, 110007",New Delhi,Delhi,India,'+91 98110 43595,"NPCS Services are Project Report, Project Consultancy, Business Plan, Feasibility Report for Entrepreneurs, Startup Ideas, Business Directory and Books.","Cloudflare DNS, Gmail, Google Apps, CloudFlare Hosting, Facebook Widget, Google AdSense, Google Tag Manager, Bootstrap Framework, Facebook Login (Connect), Google Font API, Google Plus, Google Analytics, Disqus, Vimeo, Zopim, YouTube, Plista, Multilingual, AddThis, WordPress.org, Google translate API, Google translate widget, DoubleClick, Mobile Friendly",7146000,"","","","","",false,false,false,false,"",6729df3d7c758e0001f2b7ab,6729df3d7c758e0001f2b7c1,"","","","","","","",""
Silky,Shah,Hiring candidates for MeanStack Programmers(Angular+NodeJS) with 3+ years,Elegant MicroWeb,Elegant MicroWeb,silky@elegantmicroweb.com,Verifying,Apollo,"",Catch-all,"",Entry,"Engineering & Technical, Information Technology",cloud4coolkids@gmail.com,'+91 79300 09991,"","","",'+91 79300 09991,"",Cold,"","",cloud4coolkids@gmail.com,130,information technology & services,"software product development, application development, software testing, mobile application development, cms, ecommerce, software reengineering, user interface design, business intelligence, corporate performance management",http://www.linkedin.com/in/silky-shah-562b1235,http://www.elegantmicroweb.com,http://www.linkedin.com/company/elegant-microweb---software-products-and-services-company,https://facebook.com/outsourcingindia,https://twitter.com/elegantmicroweb,Ahmedabad,Gujarat,India,"S G Highway, Ahmedabad, Gujarat, India, 380051",Ahmedabad,Gujarat,India,'+91 79300 09991,"Build your software team, and achieve Digital Transformation with a personalized approach, dedicated support and specific services and components","Gmail, Google Apps, Google Cloud Hosting, YouTube, Nginx, Linkedin Marketing Solutions, Google Remarketing, WordPress.org, Google AdSense, Google Dynamic Remarketing, DoubleClick, Google Tag Manager, Mobile Friendly, DoubleClick Conversion, Google AdWords Conversion, Google Analytics, Bootstrap Framework, Zopim, Google Font API, Android, React Native",7154000,"","","","","",false,false,false,false,"",6729df3d7c758e0001f2b78e,6729df3d7c758e0001f2b7b6,"","","","","","","",""
Babu,Thomas,CHRO,Shalby Limited,Shalby Limited,chro@shalby.org,Verifying,Apollo,"",Not Catch-all,"",C suite,"C-Suite, Human Resources",cloud4coolkids@gmail.com,'+91 87250 40394,"","","",'+91 87250 40394,"",Cold,"","",cloud4coolkids@gmail.com,2200,hospital & health care,"joint replacements, opthalmology, spine surgery, interventional radiology, trauma surgery, cosmetic, aesthetic surgery, interventional cardiology, endoscopy, laproscopy, neurosurgery, bariatric surgery, urology, cardiovascular surgery, dentistry, oncology",http://www.linkedin.com/in/babu-thomas-6bb130a,http://www.shalby.org,http://www.linkedin.com/company/shalby-hospitals,https://www.facebook.com/shalbyhospital/,https://twitter.com/shalbyhospitals,Ahmedabad,Gujarat,India,"Ahmedabad, Gujarat, India, 380015",Ahmedabad,Gujarat,India,'+91 87250 40394,"Shalby Hospital is India’s Best multispeciality hospital in Ahmedabad, provides world-class healthcare services. With a network of 15 hospitals in India, we offer treatment across 30 specialties.","Outlook, Magento 2 Community, Google Dynamic Remarketing, Bootstrap Framework, Facebook Custom Audiences, YouTube, Facebook Login (Connect), Linkedin Marketing Solutions, reCAPTCHA, Google AdWords Conversion, Mobile Friendly, Google translate API, DoubleClick, WordPress.org, DoubleClick Conversion, Multilingual, Facebook Widget, Google Analytics, Google translate widget, Google Tag Manager, Google Font API, Remote, AI",121066000,97688022,Private Equity,23303722,2017-12-05,"",false,false,false,false,"",6729df3d7c758e0001f2b793,6729df3d7c758e0001f2b7b9,"","","","","","","",""
Nishchay,Ag,Co-Founder & CEO,Jar,Jar,nishchay@changejar.in,Verifying,Apollo,"",Not Catch-all,"",Founder,C-Suite,cloud4coolkids@gmail.com,'+91 63669 68324,"","","",'+91 63669 68324,"",Cold,"","",cloud4coolkids@gmail.com,680,financial services,"money, change, paytm, googlepay, phonepe, investing, saving, gullak, personalfinance, finance, app",http://www.linkedin.com/in/nishchay-ag-904b325,http://www.myjar.app,http://www.linkedin.com/company/jarapp,https://facebook.com/MyJarHQ/,https://twitter.com/JarAppHQ,Bengaluru,Karnataka,India,"31 1st Main Road, Bengaluru, Karnataka, India, 560078",Bengaluru,Karnataka,India,'+91 63669 68324,"","Amazon CloudFront, Cloudflare DNS, Amazon SES, Gmail, Amazon Elastic Load Balancer, Google Apps, Amazon AWS, VueJS, Atlassian Cloud, Webflow, Facebook Custom Audiences, Google Font API, Facebook Widget, Taboola, Facebook Login (Connect), Google Tag Manager, Google AdWords Conversion, Mobile Friendly",1500000,59100000,Series B,22600000,2022-08-01,"",false,false,false,false,"",6729df3d7c758e0001f2b7a3,6729c63a6a461600014651f1,"","","","","","","",""
Simran,Gupta,Global Talent Acquisition Specialist -APAC & North America,MongoDB,MongoDB,simran.gupta@mongodb.com,Verifying,Apollo,"",Not Catch-all,"",Entry,Human Resources,cloud4coolkids@gmail.com,'+1 866-237-8815,"","","",'+1 866-237-8815,"",Cold,"","",cloud4coolkids@gmail.com,7000,information technology & services,"databases, enterprise software, software, information technology, open source, mongodb, software developer",http://www.linkedin.com/in/hrsimrangupta,http://www.mongodb.com,http://www.linkedin.com/company/mongodbinc,https://facebook.com/MongoDB/,https://twitter.com/mongodb,Gurugram,Haryana,India,"1633 Broadway, New York, New York, United States, 10019",New York,New York,United States,'+1 866-237-8815,Get your ideas to market faster with a developer data platform built on the leading modern database. MongoDB makes working with data easy.,"Amazon CloudFront, Route 53, Gmail, Google Apps, Amazon AWS, Rackspace MailGun, Microsoft Office 365, Amazon SES, Eloqua, Mixpanel, Chartbeat, Vidyard, Atlassian Cloud, OneTrust, React Redux, Zendesk, StatusPage IO, Marketo, Salesforce, Hubspot, DemandBase, Jira, Atlassian Confluence, Pardot, CloudFlare, Netlify, Typeform, Freshdesk, Optimizely, JQuery 2.1.1, Google Maps (Non Paid Users), Yelp, Disqus, DoubleClick, Google Dynamic Remarketing, Walkme, Facebook Widget, Greenhouse.io, Bing Ads, Lever, iTunes, Acxiom, YouTube, Linkedin Marketing Solutions, Intercom, Stripe, Quantcast, Shutterstock, Twitter Advertising, Open AdStream (Appnexus), GoToWebinar, Paypal, Google AdSense, Facebook Custom Audiences, Unreal Engine, Google Plus, Cvent, Amadesa, Google Font API, Workday Recruit, Ad Unit 160 x 600, Adobe Media Optimizer, Multilingual, Typekit, Umantis, DoubleClick Conversion, Cedexis Radar, Facebook Login (Connect), UserVoice, Eventbrite, Visual Website Optimizer, Google AdWords Conversion, Akamai RUM, MailChimp, Google Maps, Google Analytics, Vimeo, Cloudinary, Google Tag Manager, Kaltura, New Relic, Google Play, ON24, Hotjar, WordPress.org, Qualtrics, Yahoo Analytics, Segment.io, Bootstrap Framework, Adzerk, Mobile Friendly, Ruby On Rails, Wistia, Affiliate Window, AT Internet, iCIMS, CrazyEgg, Remote, AI, Node.js, Android, Render, SharePoint, Flutter, Python, Basis",1819610000,482299881,Other,202400000,2021-07-01,"",false,false,false,false,"",6729df3d7c758e0001f2b786,6729df3d7c758e0001f2b7b3,"","","","","","","",""
Divyansh,Jain,Private Equity Associate,Blackstone,Blackstone,divyansh.jain@blackstone.com,Verifying,Apollo,"",Catch-all,"",Entry,"",cloud4coolkids@gmail.com,'+1 212-583-5000,"","","",'+1 212-583-5000,"",Cold,"","",cloud4coolkids@gmail.com,7200,financial services,"finance, investment management, blackstones businesses include private equity, real estate, funds of hedge funds, creditoriented funds, clos & closedend mutual funds our advisory business includes financial, restructuring, reorganization advisory & fund placement services",http://www.linkedin.com/in/divyansh-jain-70a4668a,http://www.blackstone.com,http://www.linkedin.com/company/blackstonegroup,https://www.facebook.com/blackstone,https://twitter.com/blackstone,Mumbai,Maharashtra,India,"345 Park Avenue, New York, New York, United States, 10154",New York,New York,United States,'+1 212-583-5000,"Blackstone is the world’s largest alternative asset manager, serving institutional and individual investors by building strong businesses positioned to deliver lasting value.","CloudFlare CDN, UltraDns, Microsoft Office 365, CloudFlare Hosting, Amazon AWS, Pardot, Amazon SES, VueJS, Microsoft Azure Monitor, Atlassian Cloud, Create React App, Salesforce, Wordpress VIP, Facebook Widget, Simpli.fi, YouTube, Adobe Media Optimizer, Cedexis Radar, Workday Recruit, ON24, Cvent, Optimizely, Disqus, DoubleClick Floodlight, Facebook Custom Audiences, Vimeo, Mobile Friendly, Scene7, Facebook Login (Connect), WordPress.org, iCIMS, Bootstrap Framework, Google Font API, Google Tag Manager, Zencoder, Google Analytics, New Relic, AI, Remote",9860000000,88230000000,Other,1300000000,2024-01-01,"",false,false,false,false,"",6729df3d7c758e0001f2b7a7,6710a999dabaa400018d897e,"","","","","","","",""
John,Bobit,HR Specialist - TAG,Tata Consultancy Services,Tata Consultancy Services,john.bobit@tcs.com,Verifying,Apollo,"","","",Entry,Human Resources,cloud4coolkids@gmail.com,'+91 22677 89999,"","","",'+91 22677 89999,"",Cold,"","",cloud4coolkids@gmail.com,630000,information technology & services,"it services, business solutions, consulting",http://www.linkedin.com/in/john-bobit-a0312a1a1,http://www.tcs.com,http://www.linkedin.com/company/tata-consultancy-services,https://facebook.com/TataConsultancyServices,https://twitter.com/TCS,Bengaluru,Karnataka,India,"Mumbai, Maharashtra, India, 400001",Mumbai,Maharashtra,India,'+91 22677 89999,"TCS, a global leader in IT services, consulting, and business solutions, leverages technology for business transformation and helps catalyze change. Learn more.","Akamai, Marketo, Microsoft Office 365, Adobe Marketing Cloud, OneTrust, Omniture (Adobe), Salesforce, YouTube, AppNexus, Google Maps, Scene7, Facebook Login (Connect), Facebook Widget, Webex, Bootstrap Framework, Google Maps (Non Paid Users), Adobe Media Optimizer, Facebook Custom Audiences, Cvent, Mobile Friendly, Google Analytics, Bootstrap Framework v3.1.1, ON24, DemandBase, Apache, AngularJS, WordPress.org, Linkedin Marketing Solutions, Google Tag Manager, Google Font API, Vimeo, Cedexis Radar, DoubleClick Floodlight, Shutterstock, Akamai RUM",29297808000,5000000,Series A,5000000,2022-03-01,"",false,false,false,false,"",6729df3d7c758e0001f2b78c,6710a99adabaa400018d8c3e,"","","","","","","",""
Yushika,Jolly,"Founder, CEO",Paradyes,Paradyes,yushika@birdsofparadyes.com,Verifying,Apollo,"",Not Catch-all,"",Founder,C-Suite,cloud4coolkids@gmail.com,'+91 74860 10214,"","","",'+91 74860 10214,"",Cold,"","",cloud4coolkids@gmail.com,51,cosmetics,"",http://www.linkedin.com/in/yushika-jolly-0427a3116,http://www.birdsofparadyes.com,http://www.linkedin.com/company/birdsofparadyes,https://www.facebook.com/birdsofparadyes,https://twitter.com/birdsofparadyes,Ahmedabad,Gujarat,India,"Ahmedabad, Gujarat, India",Ahmedabad,Gujarat,India,'+91 74860 10214,Want to get the perfect hair color look? You've found yourself the pot of gold at the end of the rainbow. Paradyes is a semi permanent hair dye brand. You can choose from a range of more than 15 hair color shades.,"Gmail, Google Apps, SendInBlue, Shopify Plus, Facebook Custom Audiences, Shopify, Stripe, Facebook Login (Connect), Google AdSense, Google AdWords Conversion, Mobile Friendly, Bootstrap Framework, Facebook Widget, Google Tag Manager, Google Analytics, Micro, Basis, AI","","","","","","",false,false,false,false,"",6729df3d7c758e0001f2b791,6729df3d7c758e0001f2b7b8,"","","","","","","",""
Bhavna,Yadav,Digital Marketing Executive,Uplers,Uplers,bhavna.y@uplers.in,Verifying,Apollo,"",Catch-all,"",Entry,Marketing,cloud4coolkids@gmail.com,'+91 79403 24566,"","","",'+91 79403 24566,"",Cold,"","",cloud4coolkids@gmail.com,1100,information technology & services,"b2b, customer service, collaborative consumption, customer support tools, enterprise software, crm, software, information technology, it staff augmentation, recruitment services, hr recruiting, hiring platform, it strategy consultation, recruitment process outsource, it staffing, it consultation, hardware stores, health & medical, home & garden, home services, hospice, keys & locksmiths, safe stores, shopping",http://www.linkedin.com/in/bhavna-yadav-785a62186,http://www.uplers.com,http://www.linkedin.com/company/weareuplers,https://www.facebook.com/weareuplers,https://twitter.com/weareuplers,Jamshedpur,Jharkhand,India,"Ahmedabad, Gujarat, India, 380061",Ahmedabad,Gujarat,India,'+91 79403 24566,"Backed by the largest network of tech professionals of India, Uplers helps companies worldwide hire top Indian talents, 10x faster and more efficiently. Start Hiring Today!","Route 53, Amazon SES, Gmail, Outlook, Google Apps, Amazon AWS, SalesLoft, Typeform, Hubspot, comScore, Tynt, Cloudinary, Jobvite, FullStory, Mobile Friendly, Google Dynamic Remarketing, reCAPTCHA, Facebook Login (Connect), Vimeo, Lucky Orange, New Relic, Lotame, YouTube, BugHerd, WordPress.org, CampaignMonitor, Simpli.fi, Cedexis Radar, Shutterstock, Woo Commerce, Jotform, PicReel, OpenSSL, DoubleClick, Disqus, Linkedin Marketing Solutions, Facebook Widget, Bootstrap Framework, Google Analytics, Google AdWords Conversion, Shareaholic Content Amplification, Mixpanel, DoubleClick Conversion, Google Font API, OwnerIQ, Google Tag Manager, Adobe Media Optimizer, Google Play, Hotjar, Apache, Olark, React, Facebook Custom Audiences, Reviews, Basis, , Remote, AI",220185000,3088205,Other,143478,2019-09-01,"",false,false,false,false,23,6729df3d7c758e0001f2b79d,6729df3d7c758e0001f2b7be,"","","","","","","",""
Raji,L,Lead Recruiter,Thence: The Product Innovation Partner,Thence,raji@thence.co,Verifying,Apollo,"",Not Catch-all,"",Manager,Human Resources,cloud4coolkids@gmail.com,"","","","","","",Cold,"","",cloud4coolkids@gmail.com,78,information technology & services,"ui, ux design, ux research, ui design, interaction design, ui development, ux testing, ux audit, ar, vr experiences, ux life cycle management, continuous ux optimization",http://www.linkedin.com/in/raji-l-135375168,http://www.thence.co,http://www.linkedin.com/company/thence,https://facebook.com/thence.co,https://twitter.com/thenceco,Bengaluru,Karnataka,India,"14 18th Cross Road, Bengaluru, Karnataka, India, 560102",Bengaluru,Karnataka,India,"",Thence works with leaders of Fortune500s to identify innovation opportunities by building/disrupting products to deliver business impact.,"Gmail, Google Apps, MailChimp SPF, Amazon AWS, Drift, Leadfeeder, Active Campaign, Webflow, Apache, Hotjar, Mixpanel, Google Font API, Nginx, Google Tag Manager, Linkedin Login, Linkedin Marketing Solutions, Linkedin Widget, Mobile Friendly, AI","","","","","","",false,false,false,false,"",6729df3d7c758e0001f2b783,6729df3d7c758e0001f2b7b1,"","","","","","","",""
Abhishek,Bansal,Co Founder and CEO,Shadowfax,Shadowfax,abhishek@shadowfax.in,Verifying,Apollo,"",Catch-all,"",Founder,C-Suite,cloud4coolkids@gmail.com,'+91 80681 72518,"","","",'+91 80681 72518,"",Cold,"","",cloud4coolkids@gmail.com,6600,logistics & supply chain,"technology, logistics, supply chain management, hyperlocal technology, ondemand services, local delivery, e commerce, food delivery",http://www.linkedin.com/in/abhishek-bansal-69b08624,http://www.shadowfax.in,http://www.linkedin.com/company/shadowfax,https://www.facebook.com/shadowfax.in/,https://twitter.com/shadowfax_in,Bengaluru,Karnataka,India,"A Wing 4th B Cross Road, Bengaluru, Karnataka, India, 560095",Bengaluru,Karnataka,India,'+91 80681 72518,"","Route 53, Amazon SES, Gmail, Google Apps, Amazon AWS, Mapbox, Webflow, AngularJS, Google Dynamic Remarketing, Adobe Media Optimizer, Linkedin Marketing Solutions, DoubleClick Conversion, Facebook Custom Audiences, Facebook Login (Connect), Facebook Widget, Cedexis Radar, Google Font API, Google Maps, Google Play, Google AdSense, New Relic, Hotjar, DoubleClick, YouTube, Google Tag Manager, Google AdWords Conversion, Google Maps (Non Paid Users), Vimeo, Mobile Friendly, Google Analytics, Braintree, Circle, AI",169736000,200800000,Series E,100000000,2024-02-01,"",false,false,false,false,"",6729df3d7c758e0001f2b784,6729df3d7c758e0001f2b7b2,"","","","","","","",""
Siddhartha,Ahluwalia,Founding Partner,Neon,Neon,siddhartha@neon.fund,Verifying,Apollo,"",Not Catch-all,"",Partner,"",cloud4coolkids@gmail.com,"","","","","","",Cold,"","",cloud4coolkids@gmail.com,76,venture capital & private equity,"",http://www.linkedin.com/in/siddhartha-ahluwalia-341b0412,http://www.neon.fund,http://www.linkedin.com/company/beneon,"",https://twitter.com/neon_fund,Bengaluru,Karnataka,India,"Agga Abbas Ali Road, Bengaluru, Karnataka, India, 560042",Bengaluru,Karnataka,India,"",We back ambitious Indian founders building B2B SaaS for the world. Spotdraft - Atomic Work - CloudSEK - Astra,"Gmail, Google Apps, DigitalOcean, Ubuntu, Apache, WordPress.org, Google Tag Manager, Mobile Friendly, YouTube, , AI","","","","","","",false,false,false,false,"",6729df3d7c758e0001f2b78a,6729df3d7c758e0001f2b7b4,"","","","","","","",""
Abhash,Kumar,VP-Marketing,Springworks,Springworks,abhash.kumar@springworks.in,Verifying,Apollo,"",Not Catch-all,"",Vp,Marketing,cloud4coolkids@gmail.com,"","","","","","",Cold,"","",cloud4coolkids@gmail.com,260,information technology & services,"machine learning, recruiting, blockchains, enterprise software, deep information technology, software, information technology, hiring, marketplace, referrals, blockchain, artificial intelligence, employee engagement, rewards & recognition, remote team building, employee background checks, applicant tracking system, employee surveys, employee feedback",http://www.linkedin.com/in/aabhashk,http://www.springworks.in,http://www.linkedin.com/company/springrole,"",https://twitter.com/springroleinc/,Bengaluru,Karnataka,India,"1447 2nd Street, Santa Monica, California, United States, 90401",Santa Monica,California,United States,"","Springworks builds human resources software solutions to solve challenges in recruitment, background verification & employee engagement with Blockchain and AI.","Cloudflare DNS, Gmail, Google Apps, CloudFlare Hosting, DoubleClick, Linkedin Marketing Solutions, Stripe, Google Font API, Vimeo, Cloudinary, Google AdWords Conversion, Hotjar, YouTube, Twitter Advertising, Google Tag Manager, MailChimp, WordPress.org, Adobe Media Optimizer, Google Play, Facebook Custom Audiences, Google AdSense, Customer.IO, DoubleClick Conversion, Facebook Widget, Bootstrap Framework, Mobile Friendly, Facebook Login (Connect), Google Dynamic Remarketing, Cedexis Radar, Google Analytics, Disqus, Podio, Circle, Remote, Android, Reviews, Basis, AI, Razorpay",7000000,1300000,Venture (Round not Specified),1300000,2018-05-14,"",false,false,false,false,"",6729df3d7c758e0001f2b78b,6729df3d7c758e0001f2b7b5,"","","","","","","",""
Arunkumar,A,Assistant Manager,AFCONS Infrastructure Limited - A Shapoorji Pallonji Group Company,AFCONS Infrastructure Limited,arunkumar.a@afcons.com,Verifying,Apollo,"",Not Catch-all,"",Manager,"",cloud4coolkids@gmail.com,'+91 22 2673 0047,"","","",'+91 22 2673 0047,"",Cold,"","",cloud4coolkids@gmail.com,8900,construction,"marine & industrial, surface transport roads, highways, urban infrastructure rail, metro & light rail, oil, gas, hydro, underground",http://www.linkedin.com/in/arunkumar-a-9331ba16a,http://www.afcons.com,http://www.linkedin.com/company/afcons-infrastructure-limited,https://facebook.com/Afcons-1674129899531266/,https://twitter.com/afconsinfra,Thane,Maharashtra,India,"Mumbai, Maharashtra, India, 400053",Mumbai,Maharashtra,India,'+91 22 2673 0047,"","MailJet, Outlook, GoDaddy Hosting, SuccessFactors (SAP), YouTube, Google Tag Manager, Bootstrap Framework, Mobile Friendly, Google Analytics, Remote",1247601000,"","","","","",false,false,false,false,"",6729df3d7c758e0001f2b795,6729df3d7c758e0001f2b7ba,"","","","","","","",""
