First Name,Last Name,Title,Company,Company Name for Emails,Email,Email Status,Primary Email Source,Email Confidence,Primary Email Catch-all Status,Primary Email Last Verified At,Seniority,Departments,Contact Owner,First Phone,Work Direct Phone,Home Phone,Mobile Phone,Corporate Phone,Other Phone,Stage,Lists,Last Contacted,Account Owner,# Employees,Industry,Keywords,Person Linkedin Url,Website,Company Linkedin Url,Facebook Url,Twitter Url,City,State,Country,Company Address,Company City,Company State,Company Country,Company Phone,SEO Description,Technologies,Annual Revenue,Total Funding,Latest Funding,Latest Funding Amount,Last Raised At,Email Sent,Email Open,Email Bounced,Replied,Demoed,Number of Retail Locations,Apollo Contact Id,Apollo Account Id,Secondary Email,Secondary Email Source,Tertiary Email,Tertiary Email Source,Primary Intent Topic,Primary Intent Score,Secondary Intent Topic,Secondary Intent Score
Purnima,Katare,Talent Acquisition Manager,Reliance Broadcast Network,Reliance Broadcast Network,purnima.katare@reliancebroadcast.com,Likely to engage,Apollo,"",Catch-all,2024-10-14T18:07:27+00:00,Manager,Human Resources,cloud4coolkids@gmail.com,'+91 22306 89444,"","","",'+91 22306 89444,"",Cold,"","",cloud4coolkids@gmail.com,580,media production,media broadcasting house,http://www.linkedin.com/in/purnima-katare,http://www.reliancebroadcast.in,http://www.linkedin.com/company/reliance-broadcast-network-limited,"","",Mumbai,Maharashtra,India,"Link Road, Mumbai, Maharashtra, India, 400053",Mumbai,Maharashtra,India,'+91 22306 89444,"","Gmail, Google Apps, Amazon AWS, Apache",3793000,"","","","","",false,false,false,false,"",6729dcaff80f110001d3e8a2,6729dcb0f80f110001d3e8cb,"","","","","","","",""
Annu,Sethi,Head of Human Resources,Uno Minda,Uno Minda,asethi@unominda.com,Likely to engage,Apollo,"","",2024-10-14T18:57:06+00:00,Head,Human Resources,cloud4coolkids@gmail.com,'+91 12422 90693,"","","",'+91 12422 90693,"",Cold,"","",cloud4coolkids@gmail.com,6100,automotive,"",http://www.linkedin.com/in/annu-sethi-0a1b851a,http://www.unominda.com,http://www.linkedin.com/company/unominda,"",https://twitter.com/Unomindacom,Gurgaon,Haryana,India,"Sector 86 Road, Gurugram, Haryana, India, 122004",Gurugram,Haryana,India,'+91 12422 90693,"","Outlook, Bootstrap Framework, Mobile Friendly, ",1702226000,"","","","","",false,false,false,false,"",6729dcb0f80f110001d3e8c4,6729dcb0f80f110001d3e8d8,sethiannu@gmail.com,Apollo,"","","","","",""
Vandana,Verma,Security Relations Leader,Snyk,Snyk,vandana.verma@snyk.io,Likely to engage,Apollo,"",Not Catch-all,2024-10-31T12:05:08+00:00,Entry,"",cloud4coolkids@gmail.com,'+1 312-654-0300,"","","",'+1 312-654-0300,"",Cold,"","",cloud4coolkids@gmail.com,1300,computer & network security,"",http://www.linkedin.com/in/vandana-verma,http://www.snyk.io,http://www.linkedin.com/company/snyk,https://facebook.com/snyksec,https://twitter.com/snyksec,"","",India,"100 Summer St, Boston, Massachusetts, United States, 02110-2100",Boston,Massachusetts,United States,'+1 312-654-0300,"Join DevSecCon by Snyk, the world's largest DevSecOps community. Enhance your skills, network with experts, discover job opportunities, and revolutionize your security journey.","Akamai, Akamai DNS, Gmail, Google Apps, Microsoft Office 365, Marketo, Segment.io, Mixpanel, StatusPage IO, VueJS, CloudFlare, WP Engine, Atlassian Bitbucket, Atlassian Cloud, Netlify, Typeform, Appcues, MailJet, GitLab, GitHub Hosting, Amazon SES, MongoDB, Vidyard, Google Analytics, Bing Ads, Stripe, Intercom, Typekit, Paypal, Bootstrap Framework, Google Maps (Non Paid Users), reCAPTCHA, WordPress.org, Ember JS Library, Amadesa, Facebook Login (Connect), Facebook Widget, Criteo, Multilingual, Twitter Advertising, Google Maps, Google AdWords Conversion, Cedexis Radar, Amcharts JS Library, Google Tag Manager, Linkedin Marketing Solutions, Ruby On Rails, YouTube, Zendesk, Google Font API, Google AdSense, Adobe Media Optimizer, DoubleClick, Mobile Friendly, Eventbrite, DoubleClick Conversion, Cloudinary, Vimeo, New Relic, Amplitude, Wistia, Facebook Custom Audiences, Greenhouse.io, Google Dynamic Remarketing, FullStory, Nginx, , , Proofpoint, AI, React Native, Node.js, IoT, Android, Remote, Basis, Python, Browserstack, , Render, Docker, SolarWinds, Discord",150000000,21132708856,Other,"",2023-01-01,"",false,false,false,false,"",6729dcb0f80f110001d3e8b3,670f7ee74b2db801b01b94c9,"","","","","","","",""
Shailja,Dutt,Founder & Chairperson,Stellar Search,Stellar Search,shailja@stellarsearch.com,Likely to engage,Apollo,"","",2024-10-14T18:07:28+00:00,Founder,C-Suite,cloud4coolkids@gmail.com,'+91 80414 91880,"","","",'+91 80414 91880,"",Cold,"","",cloud4coolkids@gmail.com,180,management consulting,"executive search, talent management strategy, talent acquisition, headhunting, organizational alignment, leadership assessment, succession planning, leadership development, executive coaching, employer brand consulting, leadership advisory, talent assessment",http://www.linkedin.com/in/shailjadutt,http://www.stellarsearch.com,http://www.linkedin.com/company/stellar-search,https://facebook.com/pages/Stellar-Search/119378190043,https://twitter.com/stellarsearch12,"",Delhi,India,"Golf Course Road, Gurugram, Haryana, India, 122003",Gurugram,Haryana,India,'+91 80414 91880,"Stellar Search is a global leadership advisory & executive search firm with a strong global footprint. We are consistently creating empowered organisation cultures, one great leader at a time.","Outlook, Microsoft Office 365, Amazon AWS, Google Tag Manager, Mobile Friendly, Google Font API, Remote",7484000,"","","","","",false,false,false,false,"",6729dcaff80f110001d3e8ab,6729dcb0f80f110001d3e8ce,"","","","","","","",""
Santosh,Sahu,"Director, CEO & Cofounder","Warehousing ,Commodity Financing, 3PL  Partners in India",Warehousing Commodity Financing 3PL Partners in India,santosh.sahu@gogreenwarehouses.com,Likely to engage,Apollo,"",Not Catch-all,2024-10-10T14:13:37+00:00,Founder,C-Suite,cloud4coolkids@gmail.com,'+91 97252 01198,"","","",'+91 97252 01198,"",Cold,"","",cloud4coolkids@gmail.com,82,financial services,"warehousing, collateral managment, trade facilitation, quality testing & analysis, private lebelling, agri processing, transportation, rack handling, fumigation, pest management, preservation, commodities, agri loans, pledge financing, wdra, enwr, wheat, cotton, cumin seed, mustard, cotton bales, coriander, barley",http://www.linkedin.com/in/santoshagriscm,http://www.gogreenwarehouses.com,http://www.linkedin.com/company/gogreenwarehouses,https://facebook.com/ggwpl,"",Ahmedabad,Gujarat,India,"Ahmedabad, Gujarat, India, 380009",Ahmedabad,Gujarat,India,'+91 97252 01198,"Leading cold storage company in India, specializing in preserving perishables. Explore our advanced facilities for optimal temperature-controlled storage.","Gmail, Outlook, Google Apps, Google Cloud Hosting, Mobile Friendly, Wix, Varnish, Google Analytics, Google Tag Manager, YouTube, AI","","",Debt Financing,"",2022-06-01,"",false,false,false,false,"",6729dcaff80f110001d3e8a9,6729c122eefb6f000131d7e8,"","","","","","","",""
Avinash,Singh,Manager (Electrical Services),System Protection (Electrical Engineers & Consultants),System Protection,bdm@systemprotection.in,Likely to engage,Apollo,"",Not Catch-all,2024-10-13T22:08:00+00:00,Manager,"",cloud4coolkids@gmail.com,"","","","","","",Cold,"","",cloud4coolkids@gmail.com,93,electrical/electronic manufacturing,"relay testing, power system protection, relay repairing, circuit breaker maintenance, circuit breaker servicing, relay retrofitting, testing & commissioning, transformer testing, switchyard testing, power system study, relay coordination, arc flash analysis, diagnostic testing of cables, circuit breaker refurbishment, root cause analysis, condition monitoring, electrical asset management",http://www.linkedin.com/in/avinash-singh-b1980b224,http://www.systemprotection.in,http://www.linkedin.com/company/systemprotection,"","",Vadodara,Gujarat,India,"23 Jetalpur Road, Vadodara, Gujarat, India, 390007",Vadodara,Gujarat,India,"","","Cloudflare DNS, Gmail, Google Apps, CloudFlare Hosting, Mobile Friendly, WordPress.org, Google Tag Manager, reCAPTCHA, Google Font API, Remote","","","","","","",false,false,false,false,"",6729dcaff80f110001d3e8a6,6729dcb0f80f110001d3e8cd,"","","","","","","",""
Rahul,Khurana,"Vice President - Recruitment Product, Enrichment and Growth",Taggd,Taggd,rahul.khurana@taggd.in,Likely to engage,Apollo,"",Catch-all,2024-10-31T12:05:29+00:00,Vp,"Human Resources, Marketing",cloud4coolkids@gmail.com,'+91 95609 98686,"","","",'+91 95609 98686,"",Cold,"","",cloud4coolkids@gmail.com,600,human resources,"",http://www.linkedin.com/in/rahulkhurana,http://www.taggd.in,http://www.linkedin.com/company/taggdasia,"","",Gurugram,Haryana,India,"A/10, Gurugram, Haryana, India, 122004",Gurugram,Haryana,India,'+91 95609 98686,"","Sendgrid, Outlook, MailChimp SPF, Amazon AWS, Linkedin Marketing Solutions, WordPress.org, Facebook Login (Connect), Mobile Friendly, Google Tag Manager, ShareThis, Facebook Custom Audiences, DoubleClick, Hubspot, Hotjar, AddThis, Google Font API, Facebook Widget, Google Analytics, DoubleClick Conversion, Bootstrap Framework, Google Dynamic Remarketing, Fusioncharts JS Library, AdRoll, Intercom","","","","","","",false,false,false,false,"",6729dcaff80f110001d3e8af,6729bdf3e7e82c00019dc2ab,"","","","","","","",""
Vivek,Tiwari,Founder & Chief Executive Officer,Medikabazaar,Medikabazaar,vivek@medikabazaar.com,Likely to engage,Apollo,"",Not Catch-all,2024-10-07T21:26:36+00:00,Founder,C-Suite,cloud4coolkids@gmail.com,'+91 97072 32323,"","","",'+91 97072 32323,"",Cold,"","",cloud4coolkids@gmail.com,570,hospital & health care,"medical supply, medical equipment, medical devices, hospital furnitures, medical consumables, online medical supply, dentistry, safety, security, physiotherapy, fitness equipment, medical aids",http://www.linkedin.com/in/vivekt,http://www.medikabazaar.com,http://www.linkedin.com/company/medikabazaar,https://facebook.com/Medikabazaar/,https://twitter.com/medikabazaar,Mumbai,Maharashtra,India,"Mahakali Caves Road, Mumbai, Maharashtra, India, 400093",Mumbai,Maharashtra,India,'+91 97072 32323,"","Amazon CloudFront, Route 53, Outlook, Amazon Elastic Load Balancer, Amazon AWS, Microsoft Office 365, New Relic, Facebook Login (Connect), Mobile Friendly, YouTube, Linkedin Marketing Solutions, AdRoll, Facebook Widget, Google Play, Criteo, Google AdWords Conversion, Google Tag Manager, Facebook Custom Audiences, Vimeo, Hotjar, Google Dynamic Remarketing, DoubleClick, DoubleClick Conversion, AI",100000000,193573888,Series D,65000000,2022-04-01,"",false,false,false,false,"",6729dcaff80f110001d3e8a4,6729dcb0f80f110001d3e8cc,viveck_78@yahoo.com,Apollo,"","","","","",""
Ashwin,Damera,Chief Executive Officer,Emeritus,Emeritus,ashwin.damera@emeritus.org,Likely to engage,Apollo,"","",2024-11-04T12:08:12+00:00,C suite,C-Suite,cloud4coolkids@gmail.com,'+1 606-268-4575,"","","",'+1 606-268-4575,"",Cold,"","",cloud4coolkids@gmail.com,1800,higher education,"management education, transformational learning, leadership, digital, analytics, innovation, product development, strategy, edtech, online education, professional certificate programs, upskill, reskill, education, learning, digital education",http://www.linkedin.com/in/ashwindamera,http://www.emeritus.org,http://www.linkedin.com/school/emeritused,https://www.facebook.com/EMERITUS.INST/,https://twitter.com/EMERITUS_INST,Mumbai,Maharashtra,India,"78 Shenton Way, Singapore, Singapore, 079120",Singapore,"",Singapore,'+1 606-268-4575,Emeritus provides online business and professional programs in collaboration with top universities from across the globe,"Cloudflare DNS, SendInBlue, Microsoft Office 365, Zendesk, CloudFlare Hosting, Amazon SES, Outlook, Amazon AWS, Stripe, Heroku, CloudFlare, Pagely, Atlassian Cloud, Netlify, React Redux, Pardot, Typekit, Unreal Engine, Salesforce, Google Play, Wistia, Hubspot, Vimeo, Facebook Custom Audiences, Kaltura, Hotjar, ShareThis, Cedexis Radar, Adobe TestAndTarget, Ruby On Rails, Salesforce Live Agent, Google AdSense, reCAPTCHA, Bootstrap Framework, DoubleClick Floodlight, Shutterstock, CrazyEgg, Google Tag Manager, LiveChat, Google Dynamic Remarketing, Google Plus, Google Font API, Twitter Advertising, DoubleClick, New Relic, Adobe Media Optimizer, Criteo, WordPress.org, YouTube, Google Analytics, Facebook Login (Connect), Canvas by Instructure, Taboola, DoubleClick Conversion, Visual Website Optimizer, Facebook Widget, Linkedin Marketing Solutions, Google AdWords Conversion, Mobile Friendly, TubeMogul, FullStory, Disqus, Bing Ads, Panopto, AI, Remote","",1040000000,Debt Financing,350000000,2022-03-01,"",false,false,false,false,"",6729dcaff80f110001d3e89d,6729dcb0f80f110001d3e8c9,"","","","","","","",""
Vishwanadh,Raju,Head Talent Acquisition Operations,ANSR,ANSR,vishwanadh.raju@ansr.com,Likely to engage,Apollo,"",Not Catch-all,2024-10-26T09:51:01+00:00,Head,"Human Resources, Operations",cloud4coolkids@gmail.com,'+1 214-746-5013,"","","",'+1 214-746-5013,"",Cold,"","",cloud4coolkids@gmail.com,620,management consulting,"global capability center, global captive center, shared services center, center of excellence, captive offshoring, global engineering center, global business services, technology center of excellence, digital center of excellence, global research & development",http://www.linkedin.com/in/vishwanadh,http://www.ansr.com,http://www.linkedin.com/company/ansr-global,"",https://twitter.com/ansrglobal/,Bengaluru,Karnataka,India,"Bengaluru, Karnataka, India, 560045",Bengaluru,Karnataka,India,'+1 214-746-5013,"ANSR Global offers end-to-end GCC solutions for talent hubs, covering workspace, HR, operations, payroll services and more. Connect with us today","Outlook, Pardot, Amazon AWS, Salesforce, Hubspot, Facebook Login (Connect), Facebook Custom Audiences, Google Font API, Google Analytics, Facebook Widget, Bootstrap Framework, Nginx, Vimeo, Shutterstock, Adobe Media Optimizer, Google AdWords Conversion, YouTube, Hotjar, Mobile Friendly, Google Tag Manager, DoubleClick Conversion, Content.ad, WordPress.org, Ubuntu, Cedexis Radar, Google Dynamic Remarketing, DoubleClick, Segment.io, Linkedin Marketing Solutions, Remote, AI",105000000,194000000,Other,170000000,2024-07-01,"",false,false,false,false,"",6729dcb0f80f110001d3e8b1,6729dcb0f80f110001d3e8d0,vishwanadhraju76@gmail.com,Apollo,"","","","","",""
Poonam,Kaithwas,Assistant Manager,Genpact,Genpact,poonam.kaithwas@genpact.com,Likely to engage,Apollo,"","",2024-10-24T08:22:11+00:00,Manager,"",cloud4coolkids@gmail.com,'+1 207-227-5200,"","","",'+1 207-227-5200,"",Cold,"","",cloud4coolkids@gmail.com,138000,management consulting,"banking, financial services, energy, insurance, healthcare payer, capital market, healthcare provider, aerospace, hitech, automotive, hospitality, chemical, life science, pharmaceuticals, consumer goods, retail, telecom, transport, logistics, digital transformation, business consulting, professional services, artificial intelligence",http://www.linkedin.com/in/poonam-kaithwas-47533022,http://www.genpact.com,http://www.linkedin.com/company/genpact,https://www.facebook.com/ProudToBeGenpact/,https://twitter.com/genpact,Noida,Uttar Pradesh,India,"1155 Avenue of the Americas, New York, New York, United States, 10036-0232",New York,New York,United States,'+1 207-227-5200,"Learn how Genpact's data and analytics services turn data into actionable insights, empowering enterprises to make decisions at speed.","CloudFlare CDN, CSC Corporate Domains, Mimecast, CloudFlare Hosting, Rackspace, MX Logic, Microsoft Office 365, Outlook, Amazon AWS, DemandBase, Pardot, VueJS, CloudFlare, BuddyPress, Atlassian Cloud, OneTrust, Salesforce, Mobile Friendly, Google Dynamic Remarketing, Taboola, DoubleClick Conversion, Facebook Custom Audiences, Marketo, Facebook Login (Connect), Bizible, Wistia, Linkedin Marketing Solutions, Google Analytics, Vimeo, reCAPTCHA, DoubleClick Floodlight, Twitter Advertising, Piwik, Avature, YouTube, Google AdWords Conversion, Amadesa, Taleo, New Relic, Hotjar, DoubleClick, Visual Website Optimizer, Quantcast, Google Font API, Google AdSense, Bing Ads, Google Tag Manager, Stripe, Facebook Widget, Bootstrap Framework, Contently, Cedexis Radar, Adobe Media Optimizer, Teads, WordPress.org, Remote, AI",4570000000,2044117652,Other,1000000000,2013-01-01,"",false,false,false,false,"",6729dcb0f80f110001d3e8c6,6729c0f43e3deb00012bb695,poonamkaithwas@gmail.com,Apollo,"","","","","",""
Sita,Lekshmi,General Manager- Renaissance Bengaluru Race Course,Marriott International,Marriott International,sita.lekshmi@marriott.com,Likely to engage,Apollo,"",Catch-all,2024-10-21T14:44:37+00:00,Manager,"",cloud4coolkids@gmail.com,'+1 301-380-3000,"","","",'+1 301-380-3000,"",Cold,"","",cloud4coolkids@gmail.com,236000,hospitality,"hospitality, lodging, business travel, travel, hotels, csr, sustainability, dei, event planning & services, hotels & travel, venues & event spaces",http://www.linkedin.com/in/sita-lekshmi-58277370,http://www.marriott.com,http://www.linkedin.com/company/marriott-international,https://www.facebook.com/marriottbonvoy,https://twitter.com/marriottbonvoy,Bengaluru,Karnataka,India,"10400 Fernwood Road, Bethesda, Maryland, United States, 20817",Bethesda,Maryland,United States,'+1 301-380-3000,"Enjoy a lifestyle hotel near PDX with loft-like rooms, free airport shuttle, a bar, a breakfast café, indoor pool, gym, and meeting space.","Akamai, Akamai DNS, Outlook, ServiceNow, Microsoft Office 365, Zendesk, Bluekai, Drupal, Stripe, Atlassian Cloud, OneTrust, Salesforce Service Cloud, Taleo, Adobe Marketing Cloud, Eloqua, iCIMS, Omniture (Adobe), Bootstrap Framework, Adobe Media Optimizer, SpotXchange, iTunes, Google Maps, LiveRamp, Google Play, BookaTable, Conversant (ValueClick), Linkedin Marketing Solutions, Gigya, New Relic, Workday Recruit, Scene7, ADEBiS, Backbone JS Library, AT Internet, Eventbrite, Advertising.com, ATG Commerce, MemberClicks, Adobe TestAndTarget, Google translate widget, DoubleClick, Akamai RUM, [24]7 Live Chat, Cedexis Radar, Yahoo Retargeting, AppointmentPlus, FullStory, Wistia, Google Analytics, Google Font API, Yahoo Ad Manager Plus, Salesforce Live Agent, Facebook Widget, JQuery 1.11.1, Contently, Bing Ads, Emma, Yahoo Analytics, Opentable, InsightExpress, Rubicon Project, Wufoo, PubMatic, Moat, Facebook Custom Audiences, Booker Software, Piwik, ShareThis, Google translate API, Vagaro, Ruxit, Vimeo, Shutterstock, Cloudinary, IBM Websphere, Google Tag Manager, Pingdom, MediaMath, Marqui, Dotomi, Salesforce, Google Places, Livebookings, Disqus, Google Plus, SynXis (Sabre Hospitality), Visa Checkout, Incapsula, Amadesa, DoubleClick Floodlight, Angies List, Multilingual, MouseFlow, Typekit, Tealium, Qualtrics, Nginx, Sojern, Adara, Google Dynamic Remarketing, Mindbody, Content.ad, Twitter Advertising, Taboola, Cvent, The Trade Desk, Ensighten, UltiPro, Sharethrough, Personify, Signal by BrightTag, Intent Media, BugHerd, AddThis, Adform, Segment.io, Bazaarvoice, Criteo, Google AdWords Conversion, SalonBiz / SpaBiz, Ubuntu, Apache, Facebook Login (Connect), TripleLift, Mobile Friendly, Flashtalking, Google Maps (Paid Users), SOASTA, Adobe CQ, Endeca, YouTube, DoubleClick Conversion, Verisign Seal, Open AdStream (Appnexus), SiteScout, Facebook Like Button, Liferay, Google Maps (Non Paid Users), ASP.NET, Unreal Engine, Hotjar, LiveChat, Yelp, WordPress.org, OpenX - Exchange, Optimizely, Tag Commander, Zencoder, AppNexus, TribalFusion, Google AdSense, reCAPTCHA, Remote",23710000000,1420000000,Debt Financing,920000000,2020-05-01,"",false,false,false,false,3660,6729dcb0f80f110001d3e8b6,67108b3112076c01b06d2548,"","","","","","","",""
Pragati,Acharya,Assistant Manager,BlueStone,BlueStone,pragati.acharya@bluestone.com,Likely to engage,Apollo,"",Catch-all,2024-10-10T13:15:59+00:00,Manager,"",cloud4coolkids@gmail.com,'+91 1800 419 0066,"","","",'+91 1800 419 0066,"",Cold,"","",cloud4coolkids@gmail.com,1600,luxury goods & jewelry,"curated web, fine jewellery, ecommerce, mcommerce, stores, diamond jewellery, gold jewellery, gemstone jewellery, solitaires, omnichannel, designer jewellery, try at home, retail, certified diamonds",http://www.linkedin.com/in/pragati-acharya-bb89b719b,http://www.bluestone.com,http://www.linkedin.com/company/bluestone-com,https://www.facebook.com/bluestonejewels,https://twitter.com/BluestoneDotCom,Kolkata,West Bengal,India,"89-2, Bengaluru, Karnataka, India, 560037",Bengaluru,Karnataka,India,'+91 1800 419 0066,"","Route 53, Amazon SES, Gmail, Google Apps, Amazon AWS, Salesforce, Google Analytics, Facebook Login (Connect), Facebook Custom Audiences, Cedexis Radar, Google AdWords Conversion, Cloudinary, Facebook Widget, Vimeo, WebEngage, Google Play, Google Dynamic Remarketing, Mobile Friendly, DoubleClick, Adobe Media Optimizer, Sizmek (MediaMind), DoubleClick Conversion, Google Tag Manager",95788000,262087200,Other,107287200,2024-08-01,"",false,false,false,false,"",6729dcaff80f110001d3e89b,6729dcb0f80f110001d3e8c8,"","","","","","","",""
Ankita,Shah,Manager - Human Capital,Lenskart.com,Lenskart.com,ankita.shah@lenskart.com,Likely to engage,Apollo,"",Catch-all,2024-10-29T05:44:51+00:00,Manager,"",cloud4coolkids@gmail.com,'+91 99998 99998,"","","",'+91 99998 99998,"",Cold,"","",cloud4coolkids@gmail.com,9900,logistics & supply chain,"eyewear, eyeglasses, sunglasses, contact lenses, power sunglasses, optical, retail, fashion, vision, eyecare, visioncare, digital, omnichannel, ecommerce, technology, manufacturing, supply chain, phygital",http://www.linkedin.com/in/ankishah19,http://www.lenskart.com,http://www.linkedin.com/company/lenskart-com,https://facebook.com/Lenskartindia,https://twitter.com/Lenskart_com,Bengaluru,Karnataka,India,"Service Road, Gurugram, Haryana, India, 122002",Gurugram,Haryana,India,'+91 99998 99998,"Shop from the wide range of eyeglasses, spectacles, Sunglasses, contact lens and frame online ✔️Free Shipping ✔️15 Days Refund","Cloudflare DNS, Amazon SES, Mailchimp Mandrill, Gmail, Google Apps, MailChimp SPF, Microsoft Office 365, CloudFlare Hosting, Amazon AWS, Taboola Newsroom, Amplitude, VueJS, CloudFlare, React Redux, SendInBlue, Mapbox, Google AdWords Conversion, Facebook Login (Connect), Google Speed Analytics, Bootstrap Framework, AT Internet, Wistia, Google Dynamic Remarketing, Disqus, Magento, DoubleClick Conversion, Google Font API, Cedexis Radar, Shopify, Vimeo, reCAPTCHA, Google Maps, JQuery 1.11.1, Adobe Media Optimizer, Google Play, iTunes, Google Tag Manager, New Relic, DoubleClick, Facebook Widget, Mobile Friendly, YouTube, Google Places, Google Plus, Braintree, Intive Referrals, Ruby On Rails, Lucky Orange, Criteo, Yotpo, Stripe, Facebook Custom Audiences, Google Maps (Non Paid Users), WordPress.org, Google Analytics, Bing Ads, Google AdSense, Yahoo Analytics, Yahoo Ad Manager Plus, Multilingual, DoubleClick Floodlight, AI, Render, TikTok, Circle, Remote",454582000,1579772389,Other,19120000,2024-07-01,"",false,false,false,false,"",6729dcaff80f110001d3e8a0,6729bd454da3d900017fde43,"","","","","","","",""
Prudhvi,P,Data Scientist | Founder,SupervisedLearning.com,SupervisedLearning.com,prudhvi@supervisedlearning.com,Likely to engage,Apollo,"",Catch-all,2024-10-09T17:17:28+00:00,Founder,"C-Suite, Engineering & Technical",cloud4coolkids@gmail.com,"","","","","","",Cold,"","",cloud4coolkids@gmail.com,7,e-learning,"data science, artificial intelligence, nlp, machine learning",http://www.linkedin.com/in/prudhvip,http://www.supervisedlearning.com,http://www.linkedin.com/company/supervisedlearning,https://www.facebook.com/superwisedlearning,"",Hyderabad,Telangana,India,"Hyderabad, Telangana, India, 500032",Hyderabad,Telangana,India,"","","Gmail, Google Apps, Google Font API, Google Tag Manager, Mobile Friendly, Google Maps (Non Paid Users), YouTube, AngularJS, Facebook Login (Connect), Vimeo, WordPress.org, Google Maps, Hotjar, React Native, Android, Remote, AI","","","","","","",false,false,false,false,"",6729dcb0f80f110001d3e8b5,6729dcb0f80f110001d3e8d1,prudhvi2121991@gmail.com,Apollo,"","","","","",""
Tarun,Matta,Founder,Juno School of Business,Juno School of Business,tarun@junoschool.org,Likely to engage,Apollo,"",Catch-all,2024-10-27T03:31:19+00:00,Founder,C-Suite,cloud4coolkids@gmail.com,"","","","","","",Cold,"","",cloud4coolkids@gmail.com,19,e-learning,"",http://www.linkedin.com/in/tarunmatta,http://www.junoschool.org,http://www.linkedin.com/company/juno-school,"",https://www.twitter.com/JunoSchool,Gurugram,Haryana,India,"10393 San Diego Mission Road, San Diego, California, United States, 92108",San Diego,California,United States,"","Learn Sales - The Art & Science of Sales. Sales Training, Courses, Workshops & Certification","","","","","","","",false,false,false,false,"",6729dcaff80f110001d3e89f,6729dcb0f80f110001d3e8ca,tarun.matta@gmail.com,Apollo,"","","","","",""
Neha,Shah,General Manager HR,Torrent Pharmaceuticals Ltd,Torrent Pharmaceuticals,nehashah@torrentpharma.com,Likely to engage,Apollo,"",Not Catch-all,2024-10-11T06:42:07+00:00,Manager,Human Resources,cloud4coolkids@gmail.com,792-659-9000,"","","",792-659-9000,"",Cold,"","",cloud4coolkids@gmail.com,13000,pharmaceuticals,"pharmaceuticals cardiovascular, central nervous system, gastrointestinal, diabetology, antiinfective & pain management segments, women healthcare",http://www.linkedin.com/in/neha-shah-28547252,http://www.torrentpharma.com,http://www.linkedin.com/company/torrent-pharmaceuticals-ltd,https://www.facebook.com/TorrentPharmaceuticalsLimited/,https://twitter.com/torrentpharmaIn,"","",India,"","","","",792-659-9000,"Torrent Pharma, a leading pharma company in India, excels in niche marketing and is a top player in cardiovascular, CNS, GI, women's healthcare, and more. Explore our expertise in diabetology, pain management, oncology, and beyond.","Cloudflare DNS, Outlook, Microsoft Office 365, CloudFlare Hosting, Bootstrap Framework, Cedexis Radar, Google Font API, Adobe Media Optimizer, Google Tag Manager, DoubleClick, Mobile Friendly, Google Analytics, Vimeo, , SAP, Basis, AI, Remote, Data Analytics",1294160000,155581000,Debt Financing,155581000,2017-12-01,"",false,false,false,false,"",6729dcb0f80f110001d3e8bc,6729dcb0f80f110001d3e8d3,"","","","","","","",""
Swami,Ramdev,"Authentic, spiritual & inspiring guru",Patanjali Ayurved Limited,Patanjali Ayurved Limited,swamiramdev@patanjaliayurved.org,Likely to engage,Apollo,"","",2024-10-17T09:54:34+00:00,Entry,"",cloud4coolkids@gmail.com,'+91 62878 42467,"","","",'+91 62878 42467,"",Cold,"","",cloud4coolkids@gmail.com,4900,mechanical or industrial engineering,"natural health care, natural food products, ayurvedic medicine, herbal home care, natural personal care, patanjali publication",http://www.linkedin.com/in/yogrishiramdev,http://www.patanjaliglobal.org,http://www.linkedin.com/company/patanjaliayurved,"
https://www.facebook.com/PatanjaliGlobal/","
https://twitter.com/pypayurved","",Uttarakhand,India,"Laksar Road, Haridwar, Uttarakhand, India, 247663",Haridwar,Uttarakhand,India,'+91 62878 42467,"","Cloudflare DNS, CloudFlare Hosting, Amazon SES, Google Font API, Woo Commerce, AngularJS, Google Analytics, Apache, Mobile Friendly, reCAPTCHA, Google Analytics Ecommerce Tracking, WordPress.org, Multilingual, Google translate widget, Google translate API, Google Maps, Bootstrap Framework, ShareThis, Google Tag Manager, Fusioncharts JS Library, YouTube, Google Play, Typekit","","","","","","",false,false,false,false,"",6729dcb0f80f110001d3e8be,6729dcb0f80f110001d3e8d4,"","","","","","","",""
Revant,Bhate,Chief Executive Officer,Mosaic Wellness,Mosaic Wellness,revant@mosaicwellness.in,Likely to engage,Apollo,"",Not Catch-all,2024-10-22T14:15:02+00:00,C suite,C-Suite,cloud4coolkids@gmail.com,"","","","","","",Cold,"","",cloud4coolkids@gmail.com,350,"health, wellness & fitness","",http://www.linkedin.com/in/revant,http://www.mosaicwellness.in,http://www.linkedin.com/company/mosaicwellness,https://facebook.com/mosaicwellness.in/,"",Mumbai,Maharashtra,India,"Road Number 7, Mumbai, Maharashtra, India, 400051",Mumbai,Maharashtra,India,"",A platform of digital first health clinics for men (manmatters.com) and women (bebodywise.com),"Route 53, Gmail, Google Apps, Amazon AWS, Webflow, Google Font API, Mobile Friendly, Micro, Remote, Reviews, AI",14000000,34000000,Series A,24000000,2021-11-01,"",false,false,false,false,"",6729dcb0f80f110001d3e8c3,6729dcb0f80f110001d3e8d7,revant.bhate@gmail.com,Apollo,"","","","","",""
Rohit,A,Managing Partner,PeerCapital,PeerCapital,rohit@peercapital.in,Likely to engage,Apollo,"",Not Catch-all,2024-10-28T11:06:38+00:00,Partner,"",cloud4coolkids@gmail.com,"","","","","","",Cold,"","",cloud4coolkids@gmail.com,10,venture capital & private equity,"venture capital, investments, mentoring, equity, startup, founders, fintech, consumer tech, gaming, fund, climate tech, saas, health tech, entrepreneurship",http://www.linkedin.com/in/rohitoncloud9,http://www.peercapital.in,http://www.linkedin.com/company/peer-capital,"",https://twitter.com/PeerCapital_VC,Bengaluru,Karnataka,India,"Bengaluru, Karnataka, India, 560002",Bengaluru,Karnataka,India,"","","Gmail, Google Apps, Amazon AWS, Google Tag Manager, Google Font API, Mobile Friendly, Google Maps, Data Analytics, Micro, , Android, Python, Basis, Remote, Circle, Reviews, Render, Razorpay, AI, Lightspeed, PayU, Paytm","","","","","","",false,false,false,false,"",6729dcb0f80f110001d3e8c0,6729dcb0f80f110001d3e8d5,"","","","","","","",""
Pooja,Mewara,Senior Talent Partner,Korn Ferry,Korn Ferry,pooja.mewara@kornferry.com,Likely to engage,Apollo,"",Catch-all,2024-10-28T10:31:38+00:00,Partner,Human Resources,cloud4coolkids@gmail.com,'+1 800-633-4410,"","","",'+1 800-633-4410,"",Cold,"","",cloud4coolkids@gmail.com,16000,management consulting,"executive search, leadership & talent consulting, coaching, talent management, executive recruiting, organizational strategy, assessment, succession, talent acquisition, leadership development, rewards, benefits",http://www.linkedin.com/in/pooja-mewara-0909,http://www.kornferry.com,http://www.linkedin.com/company/kornferry,https://www.facebook.com/KornFerry,https://twitter.com/Korn_Ferry,Pune,Maharashtra,India,"1900 Avenue of the Stars, Los Angeles, California, United States, 90067",Los Angeles,California,United States,'+1 800-633-4410,"Korn Ferry is a global organizational consulting firm. We work with our clients to design optimal organization structures, roles, and responsibilities. We help them hire the right people and advise them on how to reward and motivate their workforce while developing professionals as they navigate and advance their careers.","Fastly CDN, Salesforce, Microsoft Office 365, Atlassian Cloud, OneTrust, Create React App, The Trade Desk, Adobe Marketing Cloud, Dropbox, Omniture (Adobe), SuccessFactors (SAP), Google Maps (Non Paid Users), LiveRamp, Stripe, Google Maps, Magento Enterprise, WordPress.org, DoubleClick, Marketo, Shareaholic Content Amplification, Apache, Cedexis Radar, Disqus, Google Font API, Simpli.fi, AdRoll, Magento, Wistia, ShareThis, Lotame, Linkedin Login, Google Dynamic Remarketing, Multilingual, Zencoder, Google Places, OwnerIQ, Vimeo, 33Across, Baidu Ads, Bootstrap Framework, Facebook Login (Connect), DoubleClick Conversion, Facebook Widget, comScore, Cvent, Qualtrics, Adobe Media Optimizer, Facebook Custom Audiences, Tynt, reCAPTCHA, Hotjar, Varnish, Google AdSense, Google Tag Manager, Mobile Friendly, Google Analytics, Linkedin Marketing Solutions, Bizible, Linkedin Widget",2830000000,164500000,Other,164500000,1999-02-01,"",false,false,false,false,"",6729dcaff80f110001d3e8a7,6710a999dabaa400018d8927,"","","","","","","",""
Amit,Patil,Group Head HR & EHS India Region,ZF Group,ZF Group,amit.patil@zf.com,Likely to engage,Apollo,"","",2024-11-01T23:18:41+00:00,Head,Human Resources,cloud4coolkids@gmail.com,'+49 754 1770,"","","",'+49 754 1770,"",Cold,"","",cloud4coolkids@gmail.com,169000,automotive,"automotive components & systems, automotive safety, emobility, vehicle motion control, integrated safety, automated driving, digitalization, components & systems for offhighway, components & systems for industrial applications, software",http://www.linkedin.com/in/amit-patil-2020875,http://www.zf.com,http://www.linkedin.com/company/zf-group,https://facebook.com/zfgroup.global/,https://twitter.com/zf_group,Pune,Maharashtra,India,"20 Loewentaler Strasse, Friedrichshafen, Baden-Wuerttemberg, Germany, 88046",Friedrichshafen,Baden-Wuerttemberg,Germany,'+49 754 1770,"ZF is a global technology company and supplies systems for passenger cars, commercial vehicles and industrial technology.","UltraDns, Mimecast, Outlook, Microsoft Office 365, Amazon AWS, Brightcove, Amazon SES, WP Engine, Jira, Atlassian Confluence, Atlassian Cloud, Microsoft Power BI, OneTrust, React Redux, Mapbox, Salesforce, SuccessFactors (SAP), Gravity Forms, Apache, F5 BIG-IP, Disqus, Cedexis Radar, Facebook Widget, Google Maps, BugHerd, Drupal, WordPress.org, Google Analytics, Google Maps (Non Paid Users), Qualtrics, Baidu Ads, Vimeo, Bootstrap Framework, Google Tag Manager, Facebook Custom Audiences, Typekit, Linkedin Login, Facebook Login (Connect), Mobile Friendly, reCAPTCHA, DoubleClick Conversion, Adobe Media Optimizer, Google Dynamic Remarketing, Linkedin Widget, Google Play, Google Font API, Shutterstock, ASP.NET, DoubleClick, Kaltura, Remote",51459422000,"","","","","",false,false,false,false,"",6729dcb0f80f110001d3e8c1,6729dcb0f80f110001d3e8d6,amitpatil99@gmail.com,Apollo,"","","","","",""
Arindam,Banerrji,Country Head,State Street,State Street,arindam.banerrji@wellsfargo.com,Likely to engage,Apollo,"",Catch-all,2024-11-05T08:52:01+00:00,Head,"",cloud4coolkids@gmail.com,'+1 617-786-3000,"","","",'+1 617-786-3000,"",Cold,"","",cloud4coolkids@gmail.com,42000,financial services,"investment management, custodian, etf, financial products, fund accounting, relationship management, research, trading, investment servicing",http://www.linkedin.com/in/arindam-banerrji-ab62a1,http://www.statestreet.com,http://www.linkedin.com/company/state-street,https://facebook.com/StateStreetCorp/,https://twitter.com/StateStreet,Bengaluru,Karnataka,India,"99 Kneeland Street, Boston, Massachusetts, United States, 02111",Boston,Massachusetts,United States,'+1 617-786-3000,"State Street provides investment servicing, investment management, investment research and trading services to institutional investors worldwide.","Akamai, Outlook, Microsoft Office 365, Marketo, Drupal, Adobe Marketing Cloud, Atlassian Cloud, Citrix NetScaler, Brightcove, OneTrust, Apache, Google Tag Manager, reCAPTCHA, Mobile Friendly, Google Maps, BugHerd, Google Plus, Google Analytics, SOASTA, Workday Recruit, AngularJS, Bing Ads, Akamai RUM, Bizible, Adobe Media Optimizer, Google Dynamic Remarketing, DoubleClick, Twitter Advertising, Facebook Login (Connect), Nginx, Google AdWords Conversion, Facebook Custom Audiences, Google Font API, F5 BIG-IP, DoubleClick Conversion, DoubleClick Floodlight, Cedexis Radar, Facebook Widget, WordPress.org, Linkedin Marketing Solutions, Vimeo, Disqus, Bootstrap Framework, Remote",11940000000,6350000000,Other,850000000,2024-07-01,"",false,false,false,false,"",6729dcb0f80f110001d3e8b8,6729dcb0f80f110001d3e8d2,"","","","","","","",""
Swati,Sasihithlu,Head Talent Acquisition,ICICI Lombard,ICICI Lombard,swati.sasihithlu@icicilombard.com,Likely to engage,Apollo,"",Not Catch-all,2024-10-17T09:54:35+00:00,Head,Human Resources,cloud4coolkids@gmail.com,'+91 92236 22666,"","","",'+91 92236 22666,"",Cold,"","",cloud4coolkids@gmail.com,14000,insurance,"health insurance, travel insurance, car insurance, home insurance, two wheeler insurance, nri insurance",http://www.linkedin.com/in/swati-bangera-sasihithlu-30457513,http://www.icicilombard.com,http://www.linkedin.com/company/icici-lombard,https://www.facebook.com/ICICILombard,https://twitter.com/ICICILombard,Mumbai,Maharashtra,India,"P Balu Road, Mumbai, Maharashtra, India, 400025",Mumbai,Maharashtra,India,'+91 92236 22666,"General Insurance Online: ICICI Lombard is among India's best general insurance companies in India. Explore our range of policies for health, motor, travel, home & more.","Akamai, Salesforce, Akamai DNS, Outlook, Microsoft Office 365, VueJS, Jira, Atlassian Confluence, Sophos, Facebook Login (Connect), Google Plus, Amadesa, Facebook Widget, Linkedin Marketing Solutions, Bootstrap Framework, DoubleClick Floodlight, Adobe Media Optimizer, Mobile Friendly, HasOffers, Google Tag Manager, Bootstrap Framework v3.2.0, Yahoo Analytics, Facebook Custom Audiences, Google Dynamic Remarketing, Vimeo, YouTube, Criteo, SOASTA, DoubleClick Conversion, Google Analytics, DoubleClick, Google AdSense, Google AdWords Conversion, iTunes, Visual Website Optimizer, Bing Ads, Cedexis Radar, Yahoo Ad Manager Plus, Taboola, Google Play, ASP.NET, Google Custom Search, Ruxit, Google Font API, Micro, Reviews, Basis",3061659000,"","","","","",false,false,false,false,"",6729dcaff80f110001d3e8ad,6729dcb0f80f110001d3e8cf,"","","","","","","",""
