First Name,Last Name,Title,Company,Company Name for Emails,Email,Email Status,Primary Email Source,Email Confidence,Primary Email Catch-all Status,Primary Email Last Verified At,Seniority,Departments,Contact Owner,First Phone,Work Direct Phone,Home Phone,Mobile Phone,Corporate Phone,Other Phone,Stage,Lists,Last Contacted,Account Owner,# Employees,Industry,Keywords,Person Linkedin Url,Website,Company Linkedin Url,Facebook Url,Twitter Url,City,State,Country,Company Address,Company City,Company State,Company Country,Company Phone,SEO Description,Technologies,Annual Revenue,Total Funding,Latest Funding,Latest Funding Amount,Last Raised At,Email Sent,Email Open,Email Bounced,Replied,Demoed,Number of Retail Locations,Apollo Contact Id,Apollo Account Id,Secondary Email,Secondary Email Source,Tertiary Email,Tertiary Email Source,Primary Intent Topic,Primary Intent Score,Secondary Intent Topic,Secondary Intent Score
Radhika,Balakrishnan,Founder : CXO Incubator | Executive Coach | Purpose Coach,CXO Incubator,CXO Incubator,radhika.balakrishnan@cxoincubator.com,Verifying,Apollo,"",Not Catch-all,"",Founder,C-Suite,cloud4coolkids@gmail.com,"","","","","","",Cold,"","",cloud4coolkids@gmail.com,4,professional training & coaching,"life coach, executivecoaching, mindsetcoach, middlemanagementmentoring, leadershipcoaching, coach, career coach, growth coach",http://www.linkedin.com/in/radhika-balakrishnan,http://www.wevolvelabs.in,http://www.linkedin.com/company/cxoincubator,"","",Mumbai,Maharashtra,India,"Mumbai, Maharashtra, India",Mumbai,Maharashtra,India,"","","","","","","","","",false,false,false,false,"",6729de74d34e3600018d825d,6729de74d34e3600018d8282,"","","","","","","",""
Kaustav,Sengupta,Principal Investigator and Director Insights- VisioNxt,National Institute of Fashion Technology,National Institute of Fashion Technology,kaustav.sengupta@nift.ac.in,Verifying,Apollo,"",Not Catch-all,"",Director,Marketing,cloud4coolkids@gmail.com,'+91 11 2654 2000,"","","",'+91 11 2654 2000,"",Cold,"","",cloud4coolkids@gmail.com,190,higher education,"",http://www.linkedin.com/in/kaustavsenguptachennai,http://www.nift.ac.in,http://www.linkedin.com/school/national-institute-of-fashion-technology,"","",Chennai,Tamil Nadu,India,"Old Mahabalipuram Road, Chennai, Tamil Nadu, India, 600113",Chennai,Tamil Nadu,India,'+91 11 2654 2000,"","","","","","","","",false,false,false,false,"",6729de74d34e3600018d826f,6729de74d34e3600018d8289,"","","","","","","",""
Jayant,Joshi,Lead Talent Acquisition Advisor,OpenText,OpenText,jjoshi@opentext.com,Verifying,Apollo,"",Catch-all,"",Manager,Human Resources,cloud4coolkids@gmail.com,'+1 519-888-7111,"","","",'+1 519-888-7111,"",Cold,"","",cloud4coolkids@gmail.com,25000,information technology & services,"information management, enterprise content management, content services, digital experience, customer experience management, customer communications management, information exchange, iot, information security, developers, partners, legaltech",http://www.linkedin.com/in/jayantjoshi0110,http://www.opentext.com,http://www.linkedin.com/company/opentext,"",https://twitter.com/OpenText,Bengaluru,Karnataka,India,"275 Frank Tompa Drive, Waterloo, Ontario, Canada, N2L 6R2",Waterloo,Ontario,Canada,'+1 519-888-7111,"OpenText offers cloud-native solutions in an integrated and flexible Information Management platform to enable intelligent, connected and secure organizations.","Akamai, Akamai DNS, Microsoft Office 365, Taboola Newsroom, DemandBase, Brightcove, Eloqua, Oracle Cloud, Amazon SES, StatusPage IO, WP Engine, OneTrust, React Redux, The Trade Desk, Pardot, Salesforce, SuccessFactors (SAP), Hubspot, SurveyGizmo, Facebook Login (Connect), GoToWebinar, Cedexis Radar, Hotjar, Wistia, Baidu Ads, SOASTA, Webex, Helpscout, Stripe, Google Maps (Non Paid Users), Vidyard, 33Across, Lithium Technologies, Linkedin Marketing Solutions, Ruby On Rails, Google Places, LiveRamp, Google Maps, Typekit, Cvent, Facebook Custom Audiences, Zift Solutions, Mobile Friendly, Bootstrap Framework, DoubleClick, Wufoo, Adobe Media Optimizer, WordPress.org, New Relic, Gravity Forms, Linkedin Widget, Shutterstock, Vimeo, reCAPTCHA, DoubleClick Floodlight, Google Tag Manager, Google AdSense, Facebook Widget, YouTube, ON24, SurveyMonkey, Google Analytics Ecommerce Tracking, Disqus, ClickTale, AdRoll, Google Font API, Google Custom Search, Google Analytics, Linkedin Login, Remote",5800000000,1000000000,Debt Financing,1000000000,2022-11-01,"",false,false,false,false,"",6729de74d34e3600018d8267,6729de74d34e3600018d8287,"","","","","","","",""
Ashna,Tolkar,Content Creator,Instagram,Instagram,ashnatolkar@instagram.com,Verifying,Apollo,"",Catch-all,"",Entry,Marketing,cloud4coolkids@gmail.com,"","","","","","",Cold,"","",cloud4coolkids@gmail.com,37000,information technology & services,"e-commerce, fashion, 3d printing, jewelry, consumer internet, printing, internet, hardware, information technology",http://www.linkedin.com/in/ashna-tolkar-8a04331a2,http://www.instagram.com,http://www.linkedin.com/company/instagram,"","",Thane,Maharashtra,India,"181 South Park Street, San Francisco, California, United States, 94107",San Francisco,California,United States,"","",Microsoft Office 365,10400000,50000000,Series B,50000000,2012-04-01,"",false,false,false,false,"",6729de74d34e3600018d825e,670f981bf0d6bf01b06e6182,"","","","","","","",""
Allan,Sethi,"Talent Acquisition (India, Bangladesh and Sri Lanka)",A.P. Moller - Maersk,A.P. Moller,allan.sethi@maersk.com,Verifying,Apollo,"",Catch-all,"",Entry,Human Resources,cloud4coolkids@gmail.com,'+45 33 63 33 63,"","","",'+45 33 63 33 63,"",Cold,"","",cloud4coolkids@gmail.com,100000,logistics & supply chain,"logistics, container shipping, container terminals, retail, manufacturing, offshore, shipping, ports, warehousing, distribution, supply chain, integrated logistics, 4pl, cold chain solutions",http://www.linkedin.com/in/allansethi,http://www.maersk.com,http://www.linkedin.com/company/maersk-group,"","",Mumbai,Maharashtra,India,"50 Esplanaden, Kobenhavn, Denmark, 1263",Kobenhavn,"",Denmark,'+45 33 63 33 63,"Welcome to Maersk.com! In the coming period, Sealand will begin to serve you as Maersk. With this, we will bring more connectivity to your business, enhanced regional and global expertise, simplify your end-to-end logistics and give you access to more products and services, all in one place.","Akamai, CSC Corporate Domains, Outlook, Backbone JS Library, Drupal, ExactTarget, VueJS, Salesforce, Microsoft Azure Monitor, Datadog, Atlassian Cloud, ServiceNow, Microsoft Power BI, Flutter, Mapbox, Adobe Marketing Cloud, MongoDB, Cedexis Radar, DoubleClick Floodlight, SOASTA, Bing Ads, WordPress.org, DoubleClick, Nginx, Disqus, GoToWebinar, Linkedin Marketing Solutions, UltiPro, Google Dynamic Remarketing, YouTube, reCAPTCHA, Salesforce Live Agent, LiveChat, Decibel Insight, ASP.NET, Facebook Login (Connect), Multilingual, Shutterstock, Adobe Media Optimizer, JQuery 2.1.1, Teads, Google translate API, AppNexus, Workday Recruit, Vimeo, DoubleClick Conversion, MediaMath, New Relic, Facebook Widget, Stripe, Bootstrap Framework, Google Font API, Google Tag Manager, Mobile Friendly, Google AdSense, LiveRamp, Microsoft-IIS, Linkedin Widget, Mixpanel, Facebook Custom Audiences, Cision, The Trade Desk, Google Analytics, iTunes, Google Maps, Amadesa, Smartclip, Google Play, Linkedin Login, Intercom, Segment.io, Google Analytics Ecommerce Tracking, Akamai RUM, Google translate widget",49220000000,"","","","","",false,false,false,false,"",6729de74d34e3600018d8265,6710a99adabaa400018d8bc4,"","","","","","","",""
Tanvi,Sharma,Senior Executive Human Resources,JC Software Solution,JC Software Solution,tanvisharma@jcsoftwaresolution.com,Verifying,Apollo,"",Not Catch-all,"",Senior,Human Resources,cloud4coolkids@gmail.com,'+91 95012 21454,"","","",'+91 95012 21454,"",Cold,"","",cloud4coolkids@gmail.com,54,information technology & services,"",http://www.linkedin.com/in/tanvi-sharma-5609,http://www.jcsoftwaresolution.com,http://www.linkedin.com/company/jc-software-solution,"","",Chandigarh,Chandigarh,India,"Sahibzada Ajit Singh Nagar, Punjab, India, 160055",Sahibzada Ajit Singh Nagar,Punjab,India,'+91 95012 21454,"","Mobile Friendly, Google Font API, Bootstrap Framework, Google Tag Manager, Node.js, TikTok, , Render, Python","","","","","","",false,false,false,false,"",6729de74d34e3600018d8271,6729de74d34e3600018d828a,"","","","","","","",""
Kanak,Verma,Executive - Talent Management,SGS Consulting,SGS Consulting,kanak.verma@sgsconsulting.com,Verifying,Apollo,"",Not Catch-all,"",Entry,Human Resources,cloud4coolkids@gmail.com,'+1 609-662-0606,"","","",'+1 609-662-0606,"",Cold,"","",cloud4coolkids@gmail.com,800,staffing & recruiting,"it, buisness professional across industry verticals, admin, clerical, scientific, light industrial",http://www.linkedin.com/in/kanak-verma-608a671b5,http://www.sgsconsulting.com,http://www.linkedin.com/company/sgs-consulting,https://facebook.com/sgsconsultingllc,https://twitter.com/sgsconsulting,Indore,Madhya Pradesh,India,"211 College Rd E, Princeton, New Jersey, United States, 08540-6610",Princeton,New Jersey,United States,'+1 609-662-0606,"","Outlook, Microsoft Office 365, Amazon SES, Python, Remote",22999000,"","","","","",false,false,false,false,"",6729de74d34e3600018d8276,6729de74d34e3600018d828d,"","","","","","","",""
Ramakrishna,Nk,Co-founder & MD at RangDe.in,Rang De,Rang De,ram@rangde.org,Verifying,Apollo,"",Catch-all,"",Founder,"C-Suite, Medical & Health",cloud4coolkids@gmail.com,'+91 80 4165 0037,"","","",'+91 80 4165 0037,"",Cold,"","",cloud4coolkids@gmail.com,150,financial services,"startups, nonprofits, microcredit, social development, access to finance, poverty elimination, livelihood generation, affordable education, social innovation, rural entrepreneurship, low cost credit, social impact, technology for social good",http://www.linkedin.com/in/ramnk,http://www.rangde.in,http://www.linkedin.com/company/wearerangde,http://www.facebook.com/rangdeorg,http://www.twitter.com/rangde,Bengaluru,Karnataka,India,"32/2 Bannerghatta Main Road, Bengaluru, Karnataka, India, 560076",Bengaluru,Karnataka,India,'+91 80 4165 0037,Rang De is a peer to peer lending platform regulated by RBI. Become a Social Investor today and impact the lives of fellow Indians.,"Cloudflare DNS, Mailchimp Mandrill, Gmail, Google Apps, CloudFlare Hosting, Route 53, Amazon AWS, DoubleClick, Google Analytics, Google Play, Wix, Bootstrap Framework, Google Dynamic Remarketing, Hotjar, Google Tag Manager, Google Maps (Non Paid Users), Mobile Friendly, DoubleClick Conversion, Facebook Login (Connect), Linkedin Marketing Solutions, Amadesa, Inspectlet, Facebook Widget, CrazyEgg, Facebook Custom Audiences, Google Maps, Wistia, AI, Android","","","","","","",false,false,false,false,"",6729de74d34e3600018d826b,6729de74d34e3600018d8288,"","","","","","","",""
Komal,Kadam,HR Manager,Vigor LaunchPad,Vigor LaunchPad,komal@vigorlaunchpad.com,Verifying,Apollo,"",Not Catch-all,"",Manager,Human Resources,cloud4coolkids@gmail.com,"","","","","","",Cold,"","",cloud4coolkids@gmail.com,35,marketing & advertising,we do it exponentially,http://www.linkedin.com/in/komal-k-01a595136,http://www.vigorlaunchpad.com,http://www.linkedin.com/company/vigor-launchpad,https://www.facebook.com/vigorlaunchpad/,https://twitter.com/vigorlaunchpad,Mumbai,Maharashtra,India,"Central Road, Mumbai, Maharashtra, India, 400093",Mumbai,Maharashtra,India,"",Vigor LaunchPad: Your Digital Marketing Agency in Mumbai. We craft impactful marketing campaigns across all channels. Explore today!,"Gmail, Google Apps, Google Cloud Hosting, Varnish, Mobile Friendly, Wix, Google Tag Manager, Android, Basis","","","","","","",false,false,false,false,"",6729de74d34e3600018d827c,6729de74d34e3600018d8290,"","","","","","","",""
Divas,Gupta,Public Speaking Coach,Ikigai Learning,Ikigai Learning,divas@thinkikigai.com,Verifying,Apollo,"",Not Catch-all,"",Entry,"",cloud4coolkids@gmail.com,"","","","","","",Cold,"","",cloud4coolkids@gmail.com,7,professional training & coaching,"management, training, training & management, soft skills",http://www.linkedin.com/in/divasgupta,http://www.divasgupta.com,http://www.linkedin.com/company/thinkikigai,"","",New Delhi,Delhi,India,"New Delhi, Delhi, India, 110011",New Delhi,Delhi,India,"","","Cloudflare DNS, CloudFlare Hosting, Mobile Friendly, Facebook Custom Audiences, DoubleClick Conversion, Google Tag Manager, Facebook Widget, Ubuntu, Google Analytics, WebEngage, Google Dynamic Remarketing, Facebook Login (Connect), DoubleClick, WordPress.org, YouTube, Hotjar, Nginx, Google Font API, Micro, Learnable, Android, Remote, Circle, TikTok, Reviews, Toast, Basis, Magento, Flutter, React Native, Paytm, Xamarin, SAP, , , Airtable, Laravel, Python, ","","","","","","",false,false,false,false,"",6729de74d34e3600018d825a,6729de74d34e3600018d8280,"","","","","","","",""
K,Rathnam,CEO,Milky Mist Dairy,Milky Mist Dairy,rathnam@milkymist.com,Verifying,Apollo,"",Catch-all,"",C suite,C-Suite,cloud4coolkids@gmail.com,'+91 80041 99000,"","","",'+91 80041 99000,"",Cold,"","",cloud4coolkids@gmail.com,730,food & beverages,"dairy, food production, dairy value added products, paneer, cheese, ghee, pizza, tofu, desserts, uht, readytocook, milkshakes, lassi, yogurt, probiotic curd, cream cheese, cheese spread, fat spread, readytoeat",http://www.linkedin.com/in/dr-k-rathnam-040a5515,http://www.milkymist.com,http://www.linkedin.com/company/milkymistdairy,https://www.facebook.com/milkymistdairy,https://twitter.com/milkymistindia,Coimbatore,Tamil Nadu,India,"Perundurai, Tamil Nadu, India",Perundurai,Tamil Nadu,India,'+91 80041 99000,Milky Mist provides nutritional foods and promises a daily dose of nutrition with over 150+ range of valued added dairy products!,"Gmail, Outlook, Google Apps, Google Cloud Hosting, Google AdWords Conversion, Facebook Custom Audiences, Google Maps, Facebook Login (Connect), Google Tag Manager, Google Analytics, Mobile Friendly, Vimeo, Google Maps (Non Paid Users), Facebook Widget, Bootstrap Framework, DoubleClick, Wix, YouTube, Shopify, Google Font API, Microsoft-IIS, ASP.NET, Varnish, DoubleClick Conversion, Google Play, Google Dynamic Remarketing, SendInBlue","","","","","","",false,false,false,false,"",6729de74d34e3600018d8278,6729de74d34e3600018d828e,"","","","","","","",""
Reema,Jain,Senior Recruitment Partner Lead,Syngenta,Syngenta,reema.jain@syngenta.com,Verifying,Apollo,"","","",Partner,Human Resources,cloud4coolkids@gmail.com,'+41 61 323 11 11,"","","",'+41 61 323 11 11,"",Cold,"","",cloud4coolkids@gmail.com,36000,farming,"agribusiness, crop protection, seeds, farming, biotechnology, sustainable agriculture",http://www.linkedin.com/in/reema-jain-81873553,http://www.syngenta.com,http://www.linkedin.com/company/syngenta,https://www.facebook.com/Syngenta,https://twitter.com/Syngenta,Thane,Maharashtra,India,"67 Rosentalstrasse, Basel, Basel-Stadt, Switzerland, 4002",Basel,Basel-Stadt,Switzerland,'+41 61 323 11 11,A leading agriculture company helping to improve global food security by enabling millions of farmers to make better use of available resources.,"Salesforce, CSC Corporate Domains, ExactTarget, Mimecast, Microsoft Office 365, Zendesk, Amazon AWS, React Redux, Salesforce Live Agent, New Relic, reCAPTCHA, Facebook Custom Audiences, Google Tag Manager, Facebook Widget, SmartRecruiters, Kaltura, Adobe Media Optimizer, Vimeo, Google Analytics, Multilingual, Google Font API, Facebook Login (Connect), Mobile Friendly, Backbone JS Library, Bootstrap Framework, Cedexis Radar, YouTube, Hotjar, Remote",33400000000,"","","","","",false,false,false,false,"",6729de74d34e3600018d827d,6729de74d34e3600018d8291,"","","","","","","",""
Nikita,Singh,HR Manager,GNR Solution Pvt Ltd,GNR Solution Pvt,nikita.singh@gnrindia.com,Verifying,Apollo,"",Not Catch-all,"",Manager,Human Resources,cloud4coolkids@gmail.com,'+91 20268 35108,"","","",'+91 20268 35108,"",Cold,"","",cloud4coolkids@gmail.com,140,information technology & services,"rental it solutions, refurbished it products, ewaste management, new it products, apple devices, servers, data storage, accessories, fms support",http://www.linkedin.com/in/nikita-singh-690b0813b,http://www.gnrindia.com,http://www.linkedin.com/company/gnr-solution-pvt-ltd,"","",Pune,Maharashtra,India,"Gera Junction Chowk, Pune, Maharashtra, India, 411040",Pune,Maharashtra,India,'+91 20268 35108,"GNR Solution Pvt ltd: Rent, Refurbish, Network, and Software Sales. Experience Quality and Affordability with GNR India's Expertise.","Outlook, Microsoft Office 365, GoDaddy Hosting, Google Tag Manager, Quantcast, Apache, WordPress.org, Woo Commerce, Mobile Friendly","","","","","","",false,false,false,false,"",6729de74d34e3600018d8258,6729de74d34e3600018d827f,"","","","","","","",""
Mahak,Maheshwari,Talent Advisor,American Express,American Express,mahak.maheshwari@aexp.com,Verifying,Apollo,"",Not Catch-all,"",Entry,Human Resources,cloud4coolkids@gmail.com,'+1 212-640-2000,"","","",'+1 212-640-2000,"",Cold,"","",cloud4coolkids@gmail.com,80000,financial services,"food & beverages, financial services, business travel, corporate card, network services, merchants services",http://www.linkedin.com/in/mahak-maheshwari-310b8028,http://www.americanexpress.com,http://www.linkedin.com/company/american-express,https://facebook.com/AmericanExpressUS/,https://twitter.com/americanexpress,Gurugram,Haryana,India,"200 Vesey Street, New York, New York, United States, 10281",New York,New York,United States,'+1 212-640-2000,"Get Exceptional Benefits at Over 2,200 Luxury Hotels and Resorts with American Express Travel Premium Hotel Programs.","Akamai, Akamai DNS, Bluekai, Amazon SES, Adobe Marketing Cloud, Eloqua, Salesforce Live Agent, LivePerson Monitor, AngularJS, Bootstrap Framework, Incapsula, Mobile Friendly, Google Play, Google Analytics, Nginx, Qualtrics, F5 BIG-IP, New Relic, Ruxit, YouTube, DoubleClick, Google Font API, Omniture (Adobe), Vimeo, Google Tag Manager, dynaTrace, Taleo, Akamai RUM, Adobe Media Optimizer, Maxymiser, reCAPTCHA, Ensighten",60460000000,1011800000,Series A,9000000,2016-07-26,"",false,false,false,false,"",6729de74d34e3600018d826d,67109ff7b5e0250001efd83e,"","","","","","","",""
Vinay,Singhal,Co-Founder & CEO,STAGE,STAGE,vinay@stage.in,Verifying,Apollo,"",Not Catch-all,"",Founder,C-Suite,cloud4coolkids@gmail.com,'+91 79482 22612,"","","",'+91 79482 22612,"",Cold,"","",cloud4coolkids@gmail.com,390,entertainment,"",http://www.linkedin.com/in/vinaykrsinghal,http://www.stage.in,http://www.linkedin.com/company/stagedotin,https://facebook.com/STAGEdotin/,https://twitter.com/STAGEdotin,Noida,Uttar Pradesh,India,"Noida, Uttar Pradesh, India, 201305",Noida,Uttar Pradesh,India,'+91 79482 22612,STAGE - OTT for Bharat,"Cloudflare DNS, Gmail, Google Apps, CloudFlare Hosting, DoubleClick, Facebook Custom Audiences, Google Play, Google Dynamic Remarketing, Mobile Friendly, Google Tag Manager, DoubleClick Conversion, Hotjar, Facebook Widget, Google AdWords Conversion, Facebook Login (Connect), Stripe, Xamarin, Basis, AI, Magento",465000,8966316,Other,"",2023-11-01,"",false,false,false,false,"",6729de74d34e3600018d825b,6729de74d34e3600018d8281,"","","","","","","",""
Ravinder,Bisht,Human Resources Manager,DLF Offices,DLF Offices,bisht-ravinder@dlf.in,Verifying,Apollo,"",Not Catch-all,"",Manager,Human Resources,cloud4coolkids@gmail.com,'+91 99867 02546,"","","",'+91 99867 02546,"",Cold,"","",cloud4coolkids@gmail.com,320,real estate,commercial real estate,http://www.linkedin.com/in/ravinder-bisht,http://www.dlf.in,http://www.linkedin.com/company/dlf-offices,"","","",Delhi,India,"Gurugram, Haryana, India, 122002",Gurugram,Haryana,India,'+91 99867 02546,"With 75 years of real estate investments, development, and management experience, DLF has an unparalleled scale of delivery and an unmatched track record of customer-centric service excellence in India.","","","","","","","",false,false,false,false,"",6729de74d34e3600018d8273,6729de74d34e3600018d828b,"","","","","","","",""
Dale,Vaz,Founder & CEO,Sahi.com,Sahi.com,dale@aaritya.com,Verifying,Apollo,"",Not Catch-all,"",Founder,C-Suite,cloud4coolkids@gmail.com,"","","","","","",Cold,"","",cloud4coolkids@gmail.com,57,financial services,"",http://www.linkedin.com/in/dalevaz,http://www.aaritya.com,http://www.linkedin.com/company/aaritya,"","",Bengaluru,Karnataka,India,"Bengaluru, Karnataka, India, 560001",Bengaluru,Karnataka,India,"","Trade Options on the go with Sahi app, the fast and easy way to trade Index options. 

NIFTY and BANKNIFTY Index Option scalping and Intraday trading made easy","Gmail, Google Apps, Amazon AWS, Google Tag Manager, Mobile Friendly, Remote, Python, AI","","",Seed,"",2023-05-01,"",false,false,false,false,"",6729de74d34e3600018d8264,6729de74d34e3600018d8286,"","","","","","","",""
Manoj,Kumar,Key Account Manager,TheScholar,TheScholar,manoj@thescholar.in,Verifying,Apollo,"",Not Catch-all,"",Manager,Sales,cloud4coolkids@gmail.com,'+91 1800 121 4187,"","","",'+91 1800 121 4187,"",Cold,"","",cloud4coolkids@gmail.com,28,information technology & services,"tableau training, big data training, artificial intelligence training, data science training, machine learning training, python, r training",http://www.linkedin.com/in/manoj-kumar-5360191b4,http://www.thescholar.in,http://www.linkedin.com/company/thescholar,"","",New Delhi,Delhi,India,"New Delhi, Delhi, India, 110003",New Delhi,Delhi,India,'+91 1800 121 4187,"Enroll in The Scholar's online Programs to switch to best pay scale Careers in Data Science, Data Analyst, Data Engineering, Machine Learning, AI, Cyber Security, Cloud Computing, Digital Marketing, SAP - Learn through Best Industry Mentors and Placement Assistance by Experience Corporate Relations Team.","Gmail, Google Apps, YouTube, Bootstrap Framework, Google Tag Manager, UltiPro, Google Font API, Google Analytics, iCIMS, Mobile Friendly, Nginx, reCAPTCHA, SAP, Remote","","","","","","",false,false,false,false,"",6729de74d34e3600018d827a,6729de74d34e3600018d828f,"","","","","","","",""
Anand,Raj,Business Advisor,AAR Services,AAR Services,anand.raj@aarcorp.com,Verifying,Apollo,"","","",Entry,"",cloud4coolkids@gmail.com,"","","","","","",Cold,"","",cloud4coolkids@gmail.com,5,management consulting,"",http://www.linkedin.com/in/anand-amrit-raj-87985210,http://www.aarcorp.com,http://www.linkedin.com/company/aar-hr-services,"","",New Delhi,Delhi,India,"Faridabad, Haryana, India",Faridabad,Haryana,India,"","","","","","","","","",false,false,false,false,"",6729de74d34e3600018d8263,6729de74d34e3600018d8285,"","","","","","","",""
Neeraj,Kumar,Sr. Business Manager,GR Consultants,GR Consultants,neeraj@grconsultants.in,Verifying,Apollo,"","","",Manager,"",cloud4coolkids@gmail.com,"","","","","","",Cold,"","",cloud4coolkids@gmail.com,38,"","epc consultants, manpower supply on contract, permanent base, great achievement of placements in bulk, quality manpower, employees having specialized in epc recruitment, information technology hiring, it hiring",http://www.linkedin.com/in/neeraj-kumar-1bab9316,http://www.grconsultants.in,http://www.linkedin.com/company/gr-consultants,http://www.facebook.com/gr.con.7,https://twitter.com/grconsultans,"",Delhi,India,"Faridabad, Haryana, India, 121009",Faridabad,Haryana,India,"",GR Consultants,"Apache, SAP, Remote, Basis, SharePoint","","","","","","",false,false,false,false,"",6729de74d34e3600018d8260,6729de74d34e3600018d8283,"","","","","","","",""
Avadhesh,Dixit,Chief Human Resources Officer,Acuity Knowledge Partners,Acuity Knowledge,avadhesh.dixit@acuitykp.com,Verifying,Apollo,"",Not Catch-all,"",C suite,"C-Suite, Human Resources",cloud4coolkids@gmail.com,'+44 20 7550 4499,"","","",'+44 20 7550 4499,"",Cold,"","",cloud4coolkids@gmail.com,6400,financial services,"investment research, fund marketing, esg, portfolio monitoring, investment banking, kyc compliance, aml analytics, data analytics, business intelligence, strategic research, consulting support, market, competitive intelligence, knowledge management, transformation, marketing, crm analytics, market intelligence, strategic insights, global markets research, risk, compliance, index, quantitative research, investment management, portfolio optimization & operations, data science, client reporting, oil & gas research, underwriting support, commercial lending, loan operations support, private equity support, venture capital support, asset management services",http://www.linkedin.com/in/avadheshdixit,http://www.acuitykp.com,http://www.linkedin.com/company/acuity-knowledge-partners,https://www.facebook.com/AcuityKnowledgePartners,https://twitter.com/AcuityKP ,"",Delhi,India,"1 Fore Street Avenue, London, England, United Kingdom, EC2Y 9DT",London,England,United Kingdom,'+44 20 7550 4499,"","NetSuite, Outlook, Microsoft Office 365, Salesforce, MailChimp SPF, GoDaddy Hosting, Atlassian Cloud, React, Hubspot, SalesLoft, Pardot, WordPress.org, DoubleClick, Bing Ads, Confirmit, Facebook Login (Connect), Linkedin Widget, DoubleClick Conversion, Linkedin Login, Adobe Media Optimizer, Google Tag Manager, Mobile Friendly, SmartRecruiters, Facebook Widget, Google Font API, Linkedin Marketing Solutions, Bootstrap Framework, Google Analytics, Facebook Custom Audiences, Highcharts JS Library, Wistia, Cedexis Radar, Vimeo, AddThis, Google Dynamic Remarketing, Apache, AI",914800000,"","","","","",false,false,false,false,"",6729de74d34e3600018d8261,6729de74d34e3600018d8284,"","","","","","","",""
Pallavi,Singh,Senior Manager Talent Acquisition,Assystem in India,Assystem in India,psingh@assystem.com,Verifying,Apollo,"",Catch-all,"",Manager,Human Resources,cloud4coolkids@gmail.com,"","","","","","",Cold,"","",cloud4coolkids@gmail.com,2100,management consulting,"metros railways, bridges, nuclear, cities & territorial development roads, flyovers, structures, environment water development, grids, renewables, airport aviation, hydrogen",http://www.linkedin.com/in/pallavi-singh-31368022,http://www.assystem.com,http://www.linkedin.com/company/assystem-stup,"","",Gurugram,Haryana,India,"New Delhi, Delhi, India",New Delhi,Delhi,India,"","","Outlook, Microsoft Office 365, AI","","","","","","",false,false,false,false,"",6729de74d34e3600018d8275,6729de74d34e3600018d828c,"","","","","","","",""
Naina,Thakur,Senior Associate-Human Resources,PW (PhysicsWallah),PW,naina.thakur@pw.live,Verifying,Apollo,"",Not Catch-all,"",Senior,Human Resources,cloud4coolkids@gmail.com,"","","","","","",Cold,"","",cloud4coolkids@gmail.com,17000,e-learning,"e-commerce, digital media, education, high school students, consumer internet, all students, internet, information technology",http://www.linkedin.com/in/naina-thakur-a894a5200,http://www.physicswallah.org,http://www.linkedin.com/company/physicswallah,"","",Noida,Uttar Pradesh,India,"Azad Vihar Road, Noida, Uttar Pradesh, India, 201020",Noida,Uttar Pradesh,India,"","","Cloudflare DNS, Gmail, Google Apps, Amazon AWS, CloudFlare Hosting","",100000000,Series A,100000000,2022-06-01,"",false,false,false,false,"",6729de74d34e3600018d825f,6729c5f3bb250700019d7dae,"","","","","","","",""
Lakshmi,Thampi,Talent Acquisition Associate,Infosys,Infosys,lakshmi_thampi@infosys.com,Verifying,Apollo,"",Catch-all,"",Entry,Human Resources,cloud4coolkids@gmail.com,'+91 80415 63998,"","","",'+91 80415 63998,"",Cold,"","",cloud4coolkids@gmail.com,319000,information technology & services,"information technology, consulting, it management, it solutions & services, business process outsourcing, products & platforms, engineering services, cloud services, artificial intelligence, digital, big data, auto glass services, automotive, children's clothing, fashion, men's clothing, shopping, windshield installation & repair, women's clothing",http://www.linkedin.com/in/lakshmi-thampi,http://www.infosys.com,http://www.linkedin.com/company/infosys,https://www.facebook.com/Infosys,https://www.twitter.com/infosys,Bengaluru,Karnataka,India,"Bengaluru, Karnataka, India, 560100",Bengaluru,Karnataka,India,'+91 80415 63998,Infosys is a global leader in next-generation digital services and consulting.,"Akamai, CSC Corporate Domains, Microsoft Office 365, Amazon AWS, DemandBase, Eloqua, Adobe Marketing Cloud, Datadog, Atlassian Cloud, OneTrust, Salesforce, MongoDB, Google Dynamic Remarketing, Google Font API, Typekit, Cedexis Radar, YouTube, SOASTA, DoubleClick Conversion, Kenexa, reCAPTCHA, Multilingual, Facebook Widget, Google Maps (Non Paid Users), Vimeo, Linkedin Marketing Solutions, Bootstrap Framework, Facebook Custom Audiences, Google Tag Manager, Vidyard, DoubleClick, Cvent, Google AdSense, Linkedin Login, Adobe Media Optimizer, Stripe, Cloudinary, Amadesa, Mobile Friendly, Disqus, Google Analytics, Facebook Login (Connect), Google Play, Linkedin Widget, Wistia, Shutterstock, Google Remarketing, Twitter Advertising, Google Maps, Tint, AppDynamics, Google AdWords Conversion, WordPress.org, LiveRamp, AddThis, Remote, Aircall",18600000000,2125753829,Series A,40000000,2021-10-01,"",false,false,false,false,190,6729de74d34e3600018d8269,67109d57f6443d01b166340b,"","","","","","","",""
Madhuri,Singh,TSE in CyberSecurity,Microsoft,Microsoft,msingh@microsoft.com,Verifying,Apollo,"",Not Catch-all,"",Entry,Information Technology,cloud4coolkids@gmail.com,'+1 855-270-0615,"","","",'+1 855-270-0615,"",Cold,"","",cloud4coolkids@gmail.com,244000,information technology & services,"digital marketing, business software, developer tools, home, educational software, tablets, search, advertising, servers, windows operating system, windows applications, platforms, smartphones, cloud computing, quantum computing, future of work, productivity, ai, artificial intelligence, machine learning, laptops, mixed reality, virtual reality, gaming, developers, it professional, computers, electronics, mobile phones, shopping",http://www.linkedin.com/in/madhuri--singh,http://www.microsoft.com,http://www.linkedin.com/company/microsoft,https://facebook.com/Microsoft,https://twitter.com/microsoft,Bengaluru,Karnataka,India,"1 Microsoft Way, Redmond, Washington, United States, 98052",Redmond,Washington,United States,'+1 855-270-0615,"Sign in to your Outlook.com, Hotmail.com, MSN.com or Live.com account. Download the free desktop and mobile app to connect all your email accounts, including Gmail, Yahoo, and iCloud, in one place.","Akamai, Outlook, Microsoft Office 365, Microsoft Azure Hosting, Facebook Widget, SOASTA, F5 BIG-IP, Qualtrics, Mobile Friendly, DoubleClick, Lithium Technologies, Nginx, reCAPTCHA, Google Tag Manager, Google Dynamic Remarketing, DoubleClick Conversion, YouTube, Facebook Custom Audiences, ClickTale, Bing Ads, WordPress.org, Scene7, LivePerson Monitor, Omniture (Adobe), Vidyard, Marketo, Apache, ASP.NET, Linkedin Marketing Solutions, Facebook Login (Connect)",245120000000,328550000,Other,3500000,2023-04-01,"",false,false,false,false,96,6729de74d34e3600018d8256,670f651c2ecc4301b0670230,"","","","","","","",""
