First Name,Last Name,Title,Company,Company Name for Emails,Email,Email Status,Primary Email Source,Email Confidence,Primary Email Catch-all Status,Primary Email Last Verified At,Seniority,Departments,Contact Owner,First Phone,Work Direct Phone,Home Phone,Mobile Phone,Corporate Phone,Other Phone,Stage,Lists,Last Contacted,Account Owner,# Employees,Industry,Keywords,Person Linkedin Url,Website,Company Linkedin Url,Facebook Url,Twitter Url,City,State,Country,Company Address,Company City,Company State,Company Country,Company Phone,SEO Description,Technologies,Annual Revenue,Total Funding,Latest Funding,Latest Funding Amount,Last Raised At,Email Sent,Email Open,Email Bounced,Replied,Demoed,Number of Retail Locations,Apollo Contact Id,Apollo Account Id,Secondary Email,Secondary Email Source,Tertiary Email,Tertiary Email Source,Primary Intent Topic,Primary Intent Score,Secondary Intent Topic,Secondary Intent Score
Jeyandran,Venugopal,Chief Product and Technology Officer (CPTO),Flipkart,Flipkart,jeyan.v@flipkart.com,Likely to engage,Apollo,"","",2024-11-02T16:49:21+00:00,C suite,"",cloud4coolkids@gmail.com,'+91 44 4561 4700,"","","",'+91 44 4561 4700,"",Cold,"","",cloud4coolkids@gmail.com,66000,internet,"e-commerce, online shopping, consumer internet, internet, information technology, technology, machine learning, data science, ai, supply chain, ecommerce",http://www.linkedin.com/in/jeyandran,http://www.flipkart.com,http://www.linkedin.com/company/flipkart,https://facebook.com/flipkart,https://twitter.com/flipkart,Bengaluru,Karnataka,India,"Bengaluru, Karnataka, India, 560103",Bengaluru,Karnataka,India,'+91 44 4561 4700,"","UltraDns, Mailchimp Mandrill, Gmail, Mimecast, Outlook, Google Apps, Microsoft Office 365, Adobe Marketing Cloud, Atlassian Cloud, Freshdesk, Basis",6765262000,14225605471,Other,350000000,2024-05-01,"",false,false,false,false,"",6729de21673baa00018d3db6,6729c6e9c779ac00018a2ee7,"","","","","","","",""
Eshma,Shukla,HR Manager,Maxop Engineering Company Pvt. Ltd.,Maxop Engineering Company Pvt,eshma.shukla@maxop.com,Likely to engage,Apollo,"",Not Catch-all,2024-10-09T08:55:11+00:00,Manager,Human Resources,cloud4coolkids@gmail.com,'+91 12422 91214,"","","",'+91 12422 91214,"",Cold,"","",cloud4coolkids@gmail.com,710,mechanical or industrial engineering,"high pressure die casting machines, gravity die casting machines, inhouse machining facility along with allied operations, in house die design, simulation facility with latest software, inhouse certified lab, testing equipments, ability to invest, adopt in new technology & processes, iatf certified company",http://www.linkedin.com/in/eshma-shukla-649292135,http://www.maxop.com,http://www.linkedin.com/company/maxop-engineering-company-pvt.-ltd.,"","",Bengaluru,Karnataka,India,"New Delhi, Delhi, India, 110029",New Delhi,Delhi,India,'+91 12422 91214,"","Outlook, Microsoft Office 365, Amazon AWS, Mobile Friendly, Nginx, Ubuntu, Remote","",51600000,Other,51600000,2022-09-01,"",false,false,false,false,"",6729de21673baa00018d3dba,6729de21673baa00018d3de4,"","","","","","","",""
Vaibhav,Agrawal,Vice President- Logistics,Bajaj Electricals Ltd,Bajaj Electricals,vaibhav.agrawal@bajajelectricals.com,Likely to engage,Apollo,"",Catch-all,2024-10-20T01:30:30+00:00,Vp,Operations,cloud4coolkids@gmail.com,'+91 22220 43841,"","","",'+91 22220 43841,"",Cold,"","",cloud4coolkids@gmail.com,7400,electrical/electronic manufacturing,"consumer products, illumination, power distribution, lighting, solar",http://www.linkedin.com/in/vaibhavaga1,http://www.bajajelectricals.com,http://www.linkedin.com/company/bajajelectricals,https://facebook.com/BajajElectricals/,https://twitter.com/BajajElectrical,"","",India,"46 Veer Nariman Road, Mumbai, Maharashtra, India, 400001",Mumbai,Maharashtra,India,'+91 22220 43841,"","Cloudflare DNS, Amazon SES, Sendgrid, Outlook, Microsoft Office 365, CloudFlare Hosting, SuccessFactors (SAP), CloudFlare, Hubspot, Mobile Friendly, Hotjar, Google Analytics, Shopify, Google Font API, DoubleClick, Google Tag Manager, Bootstrap Framework, AI",568807000,243732,Other,"",2024-06-01,"",false,false,false,false,"",6729de21673baa00018d3dc0,6729de21673baa00018d3de6,"","","","","","","",""
Nagajyothi,Kj,TA Partner,Flipkart,Flipkart,nagajyothi.kj@flipkart.com,Likely to engage,Apollo,"","",2024-10-21T14:46:16+00:00,Partner,"",cloud4coolkids@gmail.com,'+91 44 4561 4700,"","","",'+91 44 4561 4700,"",Cold,"","",cloud4coolkids@gmail.com,66000,internet,"e-commerce, online shopping, consumer internet, internet, information technology, technology, machine learning, data science, ai, supply chain, ecommerce",http://www.linkedin.com/in/nagajyothi-kj-5a4455215,http://www.flipkart.com,http://www.linkedin.com/company/flipkart,https://facebook.com/flipkart,https://twitter.com/flipkart,Bengaluru,Karnataka,India,"Bengaluru, Karnataka, India, 560103",Bengaluru,Karnataka,India,'+91 44 4561 4700,"","UltraDns, Mailchimp Mandrill, Gmail, Mimecast, Outlook, Google Apps, Microsoft Office 365, Adobe Marketing Cloud, Atlassian Cloud, Freshdesk, Basis",6765262000,14225605471,Other,350000000,2024-05-01,"",false,false,false,false,"",6729de21673baa00018d3ddb,6729c6e9c779ac00018a2ee7,"","","","","","","",""
Vimal,Rani,GM HR Business Partner,Live Connections,Live Connections,vimal@livecjobs.com,Likely to engage,Apollo,"",Catch-all,2024-10-30T06:07:29+00:00,Partner,Human Resources,cloud4coolkids@gmail.com,'+91 44439 11622,"","","",'+91 44439 11622,"",Cold,"","",cloud4coolkids@gmail.com,1300,human resources,"executive search, contingency search, temp staffing, rpo, market intelligence, head hunting, lateral hiring, leadership hiring, recruitment ramp up, hr implants, recruiter on site, recruitment, placements",http://www.linkedin.com/in/vimal-rani-4308044,http://www.liveconnections.in,http://www.linkedin.com/company/live-connections,https://www.facebook.com/weplacepeoplefirst/,https://twitter.com/LiveC_Connect,Chennai,Tamil Nadu,India,"34 1st Avenue, Chennai, Tamil Nadu, India, 600083",Chennai,Tamil Nadu,India,'+91 44439 11622,"","Cloudflare DNS, Outlook, Microsoft Office 365, Google Font API, Mobile Friendly, WordPress.org, Apache, reCAPTCHA, Nginx, SAP, AI",387000,"","","","","",false,false,false,false,"",6729de21673baa00018d3dbe,6729c122eefb6f000131d7f2,"","","","","","","",""
Pooja,Dua,Training Coordinator,Hollister Incorporated,Hollister,pooja.dua@hollister.com,Likely to engage,Apollo,"",Not Catch-all,2024-10-21T14:46:16+00:00,Intern,Human Resources,cloud4coolkids@gmail.com,'+1 800-323-4060,"","","",'+1 800-323-4060,"",Cold,"","",cloud4coolkids@gmail.com,5000,medical devices,"ostomy care, continence care, critical care",http://www.linkedin.com/in/pooja-dua-588908151,http://www.hollister.com,http://www.linkedin.com/company/hollister-incorporated,https://facebook.com/HollisterIncorporatedCareers,https://twitter.com/hollisterinc,Rewari,Haryana,India,"2000 Hollister Drive, Libertyville, Illinois, United States, 60048",Libertyville,Illinois,United States,'+1 800-323-4060,"Hollister Incorporated manufactures quality medical products for ostomy, continence, wound and critical care markets. Learn about our products and services.","Salesforce, UltraDns, Outlook, Pardot, Microsoft Office 365, Brightcove, SuccessFactors (SAP), Citrix NetScaler, Facebook Login (Connect), Google Tag Manager, Google Dynamic Remarketing, Bing Ads, DoubleClick Conversion, Stripe, Facebook Widget, Microsoft-IIS, DoubleClick, Bootstrap Framework, Linkedin Marketing Solutions, Google Analytics, JQuery 1.11.1, Zencoder, Vimeo, WordPress.org, Disqus, Facebook Custom Audiences, Hotjar, Mobile Friendly, Twitter Advertising, Marketo, Remote",1000000000,"","","","","",false,false,false,false,"",6729de21673baa00018d3ddd,6729de21673baa00018d3ded,"","","","","","","",""
Akhila,Aradhya,Senior Recruiter,Databricks,Databricks,akhila.aradhya@databricks.com,Likely to engage,Apollo,"",Catch-all,2024-11-05T07:43:41+00:00,Senior,Human Resources,cloud4coolkids@gmail.com,'+1 866-330-0121,"","","",'+1 866-330-0121,"",Cold,"","",cloud4coolkids@gmail.com,9600,information technology & services,"apache spark, apache spark training, cloud computing, big data, data science, delta lake, data lakehouse, mlflow, machine learning, data engineering, data warehousing, data streaming, open source, generative ai, artificial intelligence, data intelligence, data management, data goverance, ai, ml ops",http://www.linkedin.com/in/akhila-aradhya-she-her-7335a5144,http://www.databricks.com,http://www.linkedin.com/company/databricks,https://facebook.com/databricksinc/,https://twitter.com/databricks,Bengaluru,Karnataka,India,"160 Spear Street, San Francisco, California, United States, 94105",San Francisco,California,United States,'+1 866-330-0121,"Discover Databricks' data engineering solutions to build, deploy, and scale data pipelines efficiently on a unified platform.","CloudFlare CDN, Amazon SES, Sendgrid, Gmail, Google Apps, CloudFlare Hosting, Marketo, NSOne, Cloudflare DNS, Microsoft Office 365, Amazon AWS, DemandBase, Pantheon, Atlassian Cloud, Netlify, React Redux, The Trade Desk, Salesforce Live Agent, Salesforce Service Cloud, Salesforce, Zendesk, Vercel, Webflow, Hubspot, Leadfeeder, Adobe Media Optimizer, Shutterstock, Mobile Friendly, Facebook Login (Connect), Cedexis Radar, Google AdWords Conversion, DoubleClick Floodlight, Google Plus, Facebook Widget, Google Tag Manager, HeapAnalytics, Google Font API, Clicky, Bing Ads, Dropbox, ON24, DoubleClick Conversion, Facebook Custom Audiences, Wistia, DoubleClick, Bootstrap Framework, Vimeo, TubeMogul, New Relic, Open AdStream (Appnexus), Linkedin Marketing Solutions, WordPress.org, Google Maps, Google Analytics Ecommerce Tracking, Ruby On Rails, Stripe, Google Play, Flowplayer, Google AdSense, Multilingual, Twitter Advertising, Adobe TestAndTarget, reCAPTCHA, YouTube, Amadesa, Google Dynamic Remarketing, Google Maps (Non Paid Users), Visual Website Optimizer, Greenhouse.io, Qualtrics, Google Analytics, Eloqua, Databricks, Android, Python, Remote, AI, Samsara, , Domo, SAP, Sisense, Snowflake, Looker, Alteryx",1275000000,5728759082,Venture (Round not Specified),"",2024-07-01,"",false,false,false,false,"",6729de21673baa00018d3db4,6729de21673baa00018d3de3,"","","","","","","",""
Manali,Kulkarni,Sr. HR Business Partner,Inteliment,Inteliment,manali.kulkarni@inteliment.com,Likely to engage,Apollo,"",Not Catch-all,2024-10-23T11:37:35+00:00,Partner,Human Resources,cloud4coolkids@gmail.com,'+91 20672 87200,"","","",'+91 20672 87200,"",Cold,"","",cloud4coolkids@gmail.com,170,information technology & services,"bigdata, hadoop, business intelligence, outsourced product development, data science, iot, artificial intelligence, ai, outsourcing, mobility, industry 40, automation, informatica, sap, tableau, opensource, python, r, cloud, saas, ui, ux, cx",http://www.linkedin.com/in/manalikulkaarni,http://www.inteliment.com,http://www.linkedin.com/company/inteliment,https://facebook.com/intelimentsoft,https://twitter.com/inteliment%20,Pune,Maharashtra,India,"Ganeshkhind Road, Pune, Maharashtra, India, 411007",Pune,Maharashtra,India,'+91 20672 87200,"","SendInBlue, Outlook, Amazon AWS, VueJS, Learnworlds, Google Analytics, Hubspot, Mobile Friendly, WordPress.org, Google Font API, Google Tag Manager, Apache, reCAPTCHA, Remote, Python, AI",15000000,"","","","","",false,false,false,false,"",6729de21673baa00018d3dc5,6729de21673baa00018d3de8,"","","","","","","",""
Daminee,Sawhney,"Vice President, Human Resources and Operations",Zomato,Zomato,daminee@zomato.com,Likely to engage,Apollo,"",Catch-all,2024-10-05T21:07:40+00:00,Vp,"Human Resources, Operations",cloud4coolkids@gmail.com,'+91 11308 06376,"","","",'+91 11308 06376,"",Cold,"","",cloud4coolkids@gmail.com,16000,internet,"restaurants, content discovery, reviews & recommendations, local search, restaurant search, discovery, table reservations, restaurant pos system, ingredients supply, digital advertising, restaurant rating & reviews, food ordering online, ecommerce, online classifieds, startups, internet services, online consumer insights, technology, farming, sustainability, food, sales, operations, logistics, delivery, new business development, engineering",http://www.linkedin.com/in/daminee-sawhney-08963a15,http://www.zomato.com,http://www.linkedin.com/company/zomato,https://www.facebook.com/zomato,http://twitter.com/zomato,Gurgaon,Haryana,India,"Gurugram, Haryana, India, 122002",Gurugram,Haryana,India,'+91 11308 06376,"","Akamai, Salesforce, Route 53, Amazon SES, Gmail, Google Apps, Microsoft Office 365, Helpscout, Amazon AWS, Atlassian Cloud, Zendesk, AI",1771389000,3441967000,Other,400000000,2023-11-01,"",false,false,false,false,"",6729de21673baa00018d3dbc,6729de21673baa00018d3de5,damineesawhney@gmail.com,Apollo,"","","","","",""
Yashswini,Mandlik,Senior Human Resource Executive Operations,OAK TREE SOFTWARE,OAK TREE,yashswini.mandlik@oaktreecloud.com,Likely to engage,Apollo,"",Not Catch-all,2024-11-05T06:34:50+00:00,Senior,"Human Resources, Operations",cloud4coolkids@gmail.com,'+91 79992 05263,"","","",'+91 79992 05263,"",Cold,"","",cloud4coolkids@gmail.com,120,information technology & services,"salesforcecom, sales cloud, service cloud, api integration, business development, visualforce, ruby on rails, reactjs, angularjs, marketing cloud, pardot, ui, ux, lightning, heroku, aws, vuejs, jquery, nodejs, salesforce consulting, archi, application application architecture, application development, salesforce development, hire salesforce developers, hire developers, hire ruby on rails developers, hire software developers, hire mobile app developers",http://www.linkedin.com/in/yashswini-mandlik-6bbaa6131,http://www.oaktreecloud.com,http://www.linkedin.com/company/oaktreesoft,https://www.facebook.com/oak.treecloud.9,https://twitter.com/SoftwareOak,Indore,Madhya Pradesh,India,"A B Road, Indore, Madhya Pradesh, India, 452001",Indore,Madhya Pradesh,India,'+91 79992 05263,"Oak Tree Software is a leading software development company that specializes in custom software solutions. With years of experience, our team of experts can help you bring your ideas to life with innovative and scalable software. Contact us today to learn more about our services.","Route 53, Gmail, Google Apps, Cloudflare DNS, CloudFlare Hosting, WordPress.org, Nginx, Ruby On Rails, Google Font API, Mobile Friendly, Google Tag Manager, DoubleClick, Google Dynamic Remarketing, Google AdWords Conversion, Ubuntu, DoubleClick Conversion, Bootstrap Framework, SAP, Basis, Remote","","","","","","",false,false,false,false,"",6729de21673baa00018d3dd9,6729de21673baa00018d3dec,"","","","","","","",""
Saranya,Banerjee,Talent Acquisition Associate,Pocket FM,Pocket FM,saranya.banerjee@pocketfm.com,Likely to engage,Apollo,"",Not Catch-all,2024-10-17T09:54:14+00:00,Entry,Human Resources,cloud4coolkids@gmail.com,'+91 83294 07172,"","","",'+91 83294 07172,"",Cold,"","",cloud4coolkids@gmail.com,3400,entertainment,"",http://www.linkedin.com/in/saranya-banerjee,http://www.pocketfm.com,http://www.linkedin.com/company/pocket-fm,https://facebook.com/pocketfmindia/,https://twitter.com/pocketfmindia,Bengaluru,Karnataka,India,"Crescent Road, Bengaluru, Karnataka, India",Bengaluru,Karnataka,India,'+91 83294 07172,Pocket FM is an audio series platform pioneering audio entertainment with over 100 million listeners worldwide.,"Route 53, Gmail, Google Apps, Microsoft Office 365, Amazon AWS, Amazon CloudFront, Amazon Elastic Load Balancer, MongoDB, Facebook Widget, Facebook Custom Audiences, DoubleClick, New Relic, Hotjar, Google Tag Manager, Unruly Media, Facebook Login (Connect), Google AdWords Conversion, Mobile Friendly, Vimeo, Google Dynamic Remarketing, DoubleClick Conversion, SAP, AI",15944000,212006180,Series D,103000000,2024-03-01,"",false,false,false,false,"",6729de21673baa00018d3dca,6729beacf2c19400015bb196,"","","","","","","",""
Vikram,Cotah,Chief Executive Officer,GRT Hotels & Resorts,GRT Hotels & Resorts,vikramcotah@grthotels.com,Likely to engage,Apollo,"",Not Catch-all,2024-10-06T14:17:11+00:00,C suite,C-Suite,cloud4coolkids@gmail.com,'+91 80692 50500,"","","",'+91 80692 50500,"",Cold,"","",cloud4coolkids@gmail.com,1200,hospitality,"hospitality, food & drinks, experiences, vacation packages",http://www.linkedin.com/in/vikramcotah,http://www.grthotels.com,http://www.linkedin.com/company/grt-hotels-&-resorts,https://www.facebook.com/GrandbyGRTHotels/,https://twitter.com/grthotels,Chennai,Tamil Nadu,India,"DR Giriappa Road, Chennai, Tamil Nadu, India, 600017",Chennai,Tamil Nadu,India,'+91 80692 50500,"GRT Hotels and Resorts is a premium group with 3 & 4-star hotels, luxury beach resorts, and hill resort. GRT offers rooms with complimentary facilities.","ElasticEmail, Gmail, Google Apps, Amazon AWS, Multilingual, Facebook Custom Audiences, Woo Commerce, Google Maps (Non Paid Users), Apache, Mobile Friendly, reCAPTCHA, DoubleClick, Facebook Login (Connect), Google translate API, Typekit, Google Maps, Google translate widget, Google Analytics, WordPress.org, Google AdWords Conversion, Facebook Widget, Cloudinary, Bootstrap Framework, Google Tag Manager, DoubleClick Conversion, Wordpress.com, Google Dynamic Remarketing, Google Font API, YouTube, Google Frontend (Webserver), Basis, AI",477000,"","","","","",false,false,false,false,"",6729de21673baa00018d3ddf,6729de21673baa00018d3dee,vikramcotah@hotmail.com,Apollo,"","","","","",""
Varun,Jain,"Founder, CEO & Lead Instructor",Miles Education,Miles Education,varun.jain@mileseducation.com,Likely to engage,Apollo,"",Catch-all,2024-10-13T01:41:01+00:00,Founder,C-Suite,cloud4coolkids@gmail.com,'+91 99664 53272,"","","",'+91 99664 53272,"",Cold,"","",cloud4coolkids@gmail.com,1100,education management,"us cma, us cpa, cpa licensure, finance courses, cfa, frm, accounting courses",http://www.linkedin.com/in/varunjain-cpa-cma-harvard-alumni,http://www.mileseducation.com,http://www.linkedin.com/school/mileseducation,https://www.facebook.com/Miles.Education.CPA.Review/,https://twitter.com/mileseducation,Bengaluru,Karnataka,India,"20th Main Road, Bengaluru, Karnataka, India, 560095",Bengaluru,Karnataka,India,'+91 99664 53272,Seize the Accounting Job Opportunity: Elevate Your USA Accounting Career Amid Shortage. Join Now to Secure Accounting Jobs in US!,"Cloudflare DNS, Gmail, Google Apps, Microsoft Office 365, Amazon AWS, Atlassian Cloud, Flutter, Hubspot, Google Frontend (Webserver), Google AdWords Conversion, Inspectlet, Cloudinary, LiveChat, Facebook Widget, DoubleClick, Bootstrap Framework, Google Dynamic Remarketing, Google AdSense, Wordpress.com, Cedexis Radar, Vimeo, Linkedin Marketing Solutions, WordPress.org, Adobe Media Optimizer, Google Analytics, Mobile Friendly, Google Places, Google Maps, YouTube, Facebook Custom Audiences, DoubleClick Conversion, Google Tag Manager, Facebook Login (Connect), reCAPTCHA, Basis, SAP, Data Analytics, QuickBooks, AI, Phoenix, Reviews, Attentive, Barracuda MSP, Remote, , SharePoint, Android, Circle, TikTok, , Airtable",462000,"","","","","",false,false,false,false,"",6729de21673baa00018d3de1,6729de21673baa00018d3def,"","","","","","","",""
Niharika,Mehndiratta,Talent Acquisition Manager,Mastercard,Mastercard,niharika.mehndiratta@mastercard.com,Likely to engage,Apollo,"",Not Catch-all,2024-10-07T03:58:38+00:00,Manager,Human Resources,cloud4coolkids@gmail.com,'+1 914-249-2000,"","","",'+1 914-249-2000,"",Cold,"","",cloud4coolkids@gmail.com,39000,information technology & services,"global digital payments, commerce, technology, innovative mobile payment solutions, processing",http://www.linkedin.com/in/niharikam,http://www.mastercard.us,http://www.linkedin.com/company/mastercard,https://facebook.com/Mastercard/,https://twitter.com/MasterCard,Gurgaon,Haryana,India,"2000 Purchase Street, Harrison, New York, United States, 10577",Harrison,New York,United States,'+1 914-249-2000,Build trusted and PSD2 compliant open banking solutions with Mastercard as your open banking provider – AIS and PIS across Europe.,"Akamai, Akamai DNS, Frontbridge, Outlook, Stripe, Genesys, OneTrust, React Redux, Mapbox, Salesforce, Adobe Marketing Cloud, Adobe CQ, DoubleClick Floodlight, reCAPTCHA, Backbone JS Library, Pardot, Google Maps, Cedexis Radar, WordPress.org, ON24, Workday Recruit, Mobile Friendly, iTunes, Janrain, Google Font API, DynamicYield, Linkedin Marketing Solutions, Google Maps (Paid Users), DoubleClick, Vimeo, Google Play, New Relic, Adobe Media Optimizer, Linkshare, Segment.io, Content.ad, TubeMogul, Yelp, Google Analytics, Dropbox, The Trade Desk, Google Analytics Ecommerce Tracking, Google Plus, Amadesa, Disqus, Adobe Connect, Facebook Custom Audiences, Multilingual, Intercom, Adobe TestAndTarget, DoubleClick Conversion, Google Maps (Non Paid Users), Facebook Login (Connect), Qualtrics, Google Dynamic Remarketing, Salesforce Live Agent, Hotjar, Visa Checkout, Google AdSense, Google AdWords Conversion, Facebook Widget, Shutterstock, AppDynamics, Bootstrap Framework, Akamai RUM, FullStory, Cvent, Wistia, Google Tag Manager, Remote, AI",26390000000,3149315568,Debt Financing,750000000,2021-11-01,"",false,false,false,false,"",6729de21673baa00018d3db8,6729bf8c98f7d80001bfbfaa,niharika.845@gmail.com,Apollo,"","","","","",""
Sunil,Dubey,Head HRBP - Supply Chain,Lenskart.com,Lenskart.com,sunil.dubey@lenskart.com,Verified,Apollo,"",Catch-all,2024-10-09T10:11:33+00:00,Head,"Human Resources, Operations",cloud4coolkids@gmail.com,'+91 99998 99998,"","","",'+91 99998 99998,"",Cold,"","",cloud4coolkids@gmail.com,9900,logistics & supply chain,"eyewear, eyeglasses, sunglasses, contact lenses, power sunglasses, optical, retail, fashion, vision, eyecare, visioncare, digital, omnichannel, ecommerce, technology, manufacturing, supply chain, phygital",http://www.linkedin.com/in/sunil-dubey-512810,http://www.lenskart.com,http://www.linkedin.com/company/lenskart-com,https://facebook.com/Lenskartindia,https://twitter.com/Lenskart_com,Gurgaon,Haryana,India,"Service Road, Gurugram, Haryana, India, 122002",Gurugram,Haryana,India,'+91 99998 99998,"Shop from the wide range of eyeglasses, spectacles, Sunglasses, contact lens and frame online ✔️Free Shipping ✔️15 Days Refund","Cloudflare DNS, Amazon SES, Mailchimp Mandrill, Gmail, Google Apps, MailChimp SPF, Microsoft Office 365, CloudFlare Hosting, Amazon AWS, Taboola Newsroom, Amplitude, VueJS, CloudFlare, React Redux, SendInBlue, Mapbox, Google AdWords Conversion, Facebook Login (Connect), Google Speed Analytics, Bootstrap Framework, AT Internet, Wistia, Google Dynamic Remarketing, Disqus, Magento, DoubleClick Conversion, Google Font API, Cedexis Radar, Shopify, Vimeo, reCAPTCHA, Google Maps, JQuery 1.11.1, Adobe Media Optimizer, Google Play, iTunes, Google Tag Manager, New Relic, DoubleClick, Facebook Widget, Mobile Friendly, YouTube, Google Places, Google Plus, Braintree, Intive Referrals, Ruby On Rails, Lucky Orange, Criteo, Yotpo, Stripe, Facebook Custom Audiences, Google Maps (Non Paid Users), WordPress.org, Google Analytics, Bing Ads, Google AdSense, Yahoo Analytics, Yahoo Ad Manager Plus, Multilingual, DoubleClick Floodlight, AI, Render, TikTok, Circle, Remote",454582000,1579772389,Other,19120000,2024-07-01,"",false,false,false,false,"",6729de21673baa00018d3dcf,6729bd454da3d900017fde43,sunilsunil4@rediffmail.com,Apollo,"","","","","",""
Avnish,Sabharwal,"Managing Director, Accenture Ventures & Open Innovation",Accenture,Accenture,avnish.sabharwal@accenture.com,Likely to engage,Apollo,"",Not Catch-all,2024-10-21T14:45:13+00:00,Director,Engineering & Technical,cloud4coolkids@gmail.com,'+353 1 646 2000,"","","",'+353 1 646 2000,"",Cold,"","",cloud4coolkids@gmail.com,774000,management consulting,"management consulting, systems integration & technology, business process outsourcing, application & infrastructure outsourcing",http://www.linkedin.com/in/avnishsabharwal,http://www.accenture.com,http://www.linkedin.com/company/accenture,https://www.facebook.com/accenture,https://twitter.com/accenture,Bengaluru,Karnataka,India,"Dublin 2, County Dublin, Ireland",Dublin 2,County Dublin,Ireland,'+353 1 646 2000,Reimagine your organization to drive growth. Read more.,"Route 53, Microsoft Office 365, Amazon AWS, Taboola Newsroom, DemandBase, TubeMogul, Amazon SES, Eloqua, Atlassian Cloud, OneTrust, Angular JS v1, Datadog, The Trade Desk, Adobe Marketing Cloud, Omniture (Adobe), Salesforce, Confirmit, reCAPTCHA, Content.ad, YouTube, Facebook Custom Audiences, Marketo, BoldChat, Multilingual, Google translate widget, LiveRamp, Cloudinary, Google Plus, AngularJS, Bootstrap Framework, Google Play, Cedexis Radar, iGoDigital, Vidyard, Webex, Stripe, Cvent, Pardot, Kaltura, JQuery 1.11.1, RegOnline, Avature, Vimeo, ON24, Ruxit, Qualtrics, iTunes, ClickTale, Lever, Taleo, Varnish, React, Google Maps, Google Font API, Disqus, Facebook Login (Connect), ASP.NET, Facebook Widget, Zendesk, Open AdStream (Appnexus), Workday Recruit, New Relic, Scene7, Adobe CQ, Typekit, Intershop, Baidu Ads, Google Analytics, SimpleReach, Adobe Coldfusion, Mobile Friendly, Unreal Engine, SoundCloud, Twitter Advertising, Shutterstock, Amadesa, AddThis, Walkme, Google translate API, Adobe Media Optimizer, Hotjar, Google Tag Manager, MediaPlatform, DoubleClick Floodlight, WordPress.org, Linkedin Marketing Solutions, DoubleClick, Adobe TestAndTarget, Greenhouse.io, SOASTA, AI",62370000000,"",Other,"",2001-07-01,"",false,false,false,false,"",6729de21673baa00018d3dd5,670f78e962c97b01b05cbd90,sabharwal.avnish@gmail.com,Apollo,"","","","","",""
Avnish,Bajaj,Founder & Managing Partner,Z47 (fka Matrix Partners India),Z47,avnish@z47.com,Likely to engage,Apollo,"",Not Catch-all,2024-10-28T13:30:28+00:00,Founder,C-Suite,cloud4coolkids@gmail.com,'+91 22676 80000,"","","",'+91 22676 80000,"",Cold,"","",cloud4coolkids@gmail.com,91,venture capital & private equity,"focused on investments from seed to series b, covering consumer internet & enterprise across sectors such as ecommerce, marketplaces, travel, transport, health tech, fin tech, ed tech, b2b, logistics, media, social & saas among others",http://www.linkedin.com/in/avnish-bajaj,http://www.matrixpartners.in,http://www.linkedin.com/company/z47-vc,"","",Mumbai,Maharashtra,India,"100 Feet Road, Bengaluru, Karnataka, India, 560038",Bengaluru,Karnataka,India,'+91 22676 80000,We work with visionary founders of early-stage startups to amplify their intrinsic talent.,"Outlook, Amazon AWS, Vercel, React, Webflow, Google Analytics, Google Font API, Google Tag Manager, Mobile Friendly, WordPress.org, MailChimp, Android, Micro, SAP, Circle, Remote, Basis, AI",7387000,710000000,Other,110000000,2016-04-01,"",false,false,false,false,"",6729de21673baa00018d3dc2,6729dd73585a4300017f0cdf,"","","","","","","",""
Jerin,Raju,Manager - University Recruiting and Programs,Adobe,Adobe,jraju@adobe.com,Likely to engage,Apollo,"",Catch-all,2024-11-04T04:15:53+00:00,Manager,Human Resources,cloud4coolkids@gmail.com,'+1 408-536-6000,"","","",'+1 408-536-6000,"",Cold,"","",cloud4coolkids@gmail.com,43000,information technology & services,"advertising, consumer internet, internet, information technology, software, creative cloud, digital marketing, web experience management, digital media, creative suite, digital publishing, photoshop, online analytics, illustrator, touch apps, acrobat, mobile apps, social marketing, web marketing, social measurement",http://www.linkedin.com/in/rajujerin,http://www.adobe.com,http://www.linkedin.com/company/adobe,https://facebook.com/Adobe,https://twitter.com/AdobeMktgCloud,Bengaluru,Karnataka,India,"345 Park Avenue, San Jose, California, United States, 95110",San Jose,California,United States,'+1 408-536-6000,"Adobe is changing the world through digital experiences. We help our customers create, deliver and optimize content and applications.","Akamai, Akamai DNS, Outlook, Adobe Connect, Open AdStream (Appnexus), Multilingual, Unreal Engine, Omniture (Adobe), Facebook Widget, iPerceptions, Facebook Login (Connect), DemandBase, Adobe Media Optimizer, Akamai RUM, Scene7, Eventbrite, Marketo, Amadesa, Advanced Solutions International (ASi), UserVoice, SOASTA, Nginx, OpenSSL, Google Font API, Vimeo, Apache, Bing Ads, Ruby On Rails, YouTube, iTunes, Ghostery (formerly Evidon), Google Analytics, BugHerd, Typekit, Varnish, Google Play, Google Tag Manager, New Relic, Mobile Friendly",20947000000,20000000,Series C,10000000,2013-05-30,"",false,false,false,false,"",6729de21673baa00018d3dc8,670f65832ecc4302ce66ffd6,jerrymic11@gmail.com,Apollo,"","","","","",""
Pragati,Saxena,Senior Executive,PeopleStrong,PeopleStrong,pragati.saxena@peoplestrong.com,Likely to engage,Apollo,"",Catch-all,2024-10-21T14:45:12+00:00,Senior,"",cloud4coolkids@gmail.com,'+91 84482 00406,"","","",'+91 84482 00406,"",Cold,"","",cloud4coolkids@gmail.com,1600,information technology & services,"hr consulting, edge computing, unified systems, alt one store, collaboration tools, unified communication technology",http://www.linkedin.com/in/pragati-saxena-999493142,http://www.peoplestrong.com,http://www.linkedin.com/company/peoplestrong,https://facebook.com/peoplestrong,https://twitter.com/peoplestrong,Gurugram,Haryana,India,"Gurugram, Haryana, India, 122001",Gurugram,Haryana,India,'+91 84482 00406,"","Sendgrid, SendInBlue, Outlook, MailChimp SPF, Microsoft Office 365, Google Cloud Hosting, Amazon AWS, Postini, Salesforce, Hubspot, reCAPTCHA, Google Analytics, Fusioncharts JS Library, Stripe, DoubleClick Conversion, Mixpanel, Google Font API, YouTube, Linkedin Marketing Solutions, Hotjar, Google Dynamic Remarketing, WordPress.org, Google Tag Manager, Facebook Widget, DoubleClick, Woo Commerce, Facebook Custom Audiences, Facebook Login (Connect), New Relic, Mobile Friendly, AI",5437000,"",Other,"",2018-01-01,"",false,false,false,false,"",6729de21673baa00018d3dd7,6729bdf3e7e82c00019dc2b3,"","","","","","","",""
Amrutha,Raveendran,Human Resources Specialist - Talent Acquisition,Tata Consultancy Services,Tata Consultancy Services,amrutha.raveendran1@tcs.com,Likely to engage,Apollo,"","",2024-10-21T14:45:12+00:00,Entry,Human Resources,cloud4coolkids@gmail.com,'+91 22677 89999,"","","",'+91 22677 89999,"",Cold,"","",cloud4coolkids@gmail.com,630000,information technology & services,"it services, business solutions, consulting",http://www.linkedin.com/in/amrutha-raveendran-15a5601a2,http://www.tcs.com,http://www.linkedin.com/company/tata-consultancy-services,https://facebook.com/TataConsultancyServices,https://twitter.com/TCS,Ernakulam,Kerala,India,"Mumbai, Maharashtra, India, 400001",Mumbai,Maharashtra,India,'+91 22677 89999,"TCS, a global leader in IT services, consulting, and business solutions, leverages technology for business transformation and helps catalyze change. Learn more.","Akamai, Marketo, Microsoft Office 365, Adobe Marketing Cloud, OneTrust, Omniture (Adobe), Salesforce, YouTube, AppNexus, Google Maps, Scene7, Facebook Login (Connect), Facebook Widget, Webex, Bootstrap Framework, Google Maps (Non Paid Users), Adobe Media Optimizer, Facebook Custom Audiences, Cvent, Mobile Friendly, Google Analytics, Bootstrap Framework v3.1.1, ON24, DemandBase, Apache, AngularJS, WordPress.org, Linkedin Marketing Solutions, Google Tag Manager, Google Font API, Vimeo, Cedexis Radar, DoubleClick Floodlight, Shutterstock, Akamai RUM",29297808000,5000000,Series A,5000000,2022-03-01,"",false,false,false,false,"",6729de21673baa00018d3dcc,6710a99adabaa400018d8c3e,"","","","","","","",""
Shikha,Bakshi,Director Talent Acquisition,Tiger Analytics,Tiger Analytics,shikha.bakshi@tigeranalytics.com,Likely to engage,Apollo,"",Not Catch-all,2024-10-29T12:36:50+00:00,Director,Human Resources,cloud4coolkids@gmail.com,'+1 408-508-4430,"","","",'+1 408-508-4430,"",Cold,"","",cloud4coolkids@gmail.com,4900,management consulting,"machine learning, predictive analytics, forecasting, natural language processing, computer vision, cloud data platform engineering, dataasaservice, lean data governance, modern bi, data warehousing, ai, ml ops, ml product engineering",http://www.linkedin.com/in/shikhabakshi,http://www.tigeranalytics.com,http://www.linkedin.com/company/tiger-analytics,https://facebook.com/tigeranalytics/,https://twitter.com/tigeranalytics,"",Delhi,India,"2350 Mission College Blvd, Santa Clara, California, United States, 95054-1518",Santa Clara,California,United States,'+1 408-508-4430,"","Cloudflare DNS, Gmail, Google Apps, Leadfeeder, Salesforce, Cedexis Radar, Vimeo, Mobile Friendly, AngularJS, Linkedin Marketing Solutions, Workable, Google Tag Manager, Google Analytics, Disqus, Google Font API, YouTube, Bootstrap Framework, reCAPTCHA, Adobe Media Optimizer, WordPress.org, Data Analytics",239999000,"","","","","",false,false,false,false,"",6729de21673baa00018d3dd1,6729de21673baa00018d3deb,shikhab7@gmail.com,Apollo,"","","","","",""
Prateek,Saxena,Co-Founder & Director,Appinventiv,Appinventiv,prateek.saxena@appinventiv.com,Likely to engage,Apollo,"",Not Catch-all,2024-11-03T21:40:40+00:00,Founder,C-Suite,cloud4coolkids@gmail.com,'+91 84481 82018,"","","",'+91 84481 82018,"",Cold,"","",cloud4coolkids@gmail.com,1400,information technology & services,"mobile, mobile commerce, mobile application, apps, information technology, e-commerce, consumer internet, internet, mobile app development, android app development, iphone app development, ios development, wearable technology, enterprise mobility, healthcare app development, retail, ibeacon app development, apple tv app development, finance app development, blockchain application development, flutter application development, react native application development, internet of things, data & analytics, cloud & devops, fintech app development",http://www.linkedin.com/in/prateeksaxena123,http://www.appinventiv.com,http://www.linkedin.com/company/appinventiv,https://www.facebook.com/Appinventiv/,https://twitter.com/appinventiv,"",Delhi,India,"23 Sector 63 Road, Noida, Uttar Pradesh, India, 201307",Noida,Uttar Pradesh,India,'+91 84481 82018,"Appinventiv is a global mobile app development agency with offices in the US, UAE & UK. We offer innovative digital solutions to startups, enterprises and government clients across industries.","Gmail, Outlook, Google Apps, Microsoft Office 365, CloudFlare Hosting, Amazon SES, Salesforce, Bootstrap Framework, reCAPTCHA, Wistia, Google Font API, Google Tag Manager, Disqus, Facebook Custom Audiences, Facebook Login (Connect), WordPress.org, Zencoder, Facebook Widget, Bootstrap Framework v3.2.0, Mobile Friendly, Linkedin Marketing Solutions, Cedexis Radar, Stripe, DoubleClick Conversion, Google Analytics, YouTube, Ember JS Library, Hotjar, Intercom, Google Dynamic Remarketing, Vimeo, Google Play, DoubleClick, Adobe Media Optimizer, Android, AI",20000000,"","","","","",false,false,false,false,"",6729de21673baa00018d3dd3,6729dd20cab7ef0001ee8048,prateek.mgm@gmail.com,Apollo,"","","","","",""
Sandeep,Marwah,Founder,Marwah Studios,Marwah Studios,sandeepmarwah@marwahstudios.com,Likely to engage,Apollo,"",Not Catch-all,2024-10-21T14:46:16+00:00,Founder,C-Suite,cloud4coolkids@gmail.com,"","","","","","",Cold,"","",cloud4coolkids@gmail.com,77,"","",http://www.linkedin.com/in/sandeep-marwah-36b937b,http://www.marwahstudios.com,http://www.linkedin.com/company/marwahstudios,https://facebook.com/marwahstudios,"",Noida,Uttar Pradesh,India,"Noida, Uttar Pradesh, India, 201301",Noida,Uttar Pradesh,India,"","","Gmail, Google Apps, Mobile Friendly, Google Font API, WordPress.org, Apache, reCAPTCHA, SAP","","","","","","",false,false,false,false,"",6729de21673baa00018d3dc4,6729de21673baa00018d3de7,"","","","","","","",""
Priyanka,Srivastava,Human Resources Generalist,SLMG Beverages Pvt Ltd,SLMG Beverages Pvt,priyanka.shrivastava@slmgbev.com,Likely to engage,Apollo,"","",2024-10-21T14:44:54+00:00,Entry,Human Resources,cloud4coolkids@gmail.com,"","","","","","",Cold,"","",cloud4coolkids@gmail.com,1600,food & beverages,"",http://www.linkedin.com/in/priyanka-srivastava-7b4b3180,http://www.slmgbeverages.com,http://www.linkedin.com/company/slmg-beverages-pvt-ltd,https://www.facebook.com/SLMGCocaCola,"",Lucknow,Uttar Pradesh,India,"Lucknow, Uttar Pradesh, India, 226010",Lucknow,Uttar Pradesh,India,"","","Outlook, Microsoft Office 365, Mobile Friendly, Apache, Microsoft-IIS, WordPress.org, ASP.NET, Bootstrap Framework, Google Font API, SAP, Remote, AI","","","","","","",false,false,false,false,"",6729de21673baa00018d3dc7,6729de21673baa00018d3de9,priyankashrivastav78@gmail.com,Apollo,"","","","","",""
Honey,Sahani,Lead Consultant,Firstcall HResource Pvt. Ltd.,Firstcall HResource Pvt,hsahani@firstcallhresource.com,Verified,Apollo,"","",2024-10-19T09:01:11+00:00,Manager,Consulting,cloud4coolkids@gmail.com,"","","","","","",Cold,"","",cloud4coolkids@gmail.com,67,staffing & recruiting,"",http://www.linkedin.com/in/honey-sahani-959b37170,http://www.firstcallhresource.com,http://www.linkedin.com/company/firstcall-i-,"","","",Delhi,India,"Noida, Uttar Pradesh, India, 201301",Noida,Uttar Pradesh,India,"","","SAP, Remote, AI","","","","","","",false,false,false,false,"",6729de21673baa00018d3dce,6729de21673baa00018d3dea,"","","","","","","",""
