First Name,Last Name,Title,Company,Company Name for Emails,Email,Email Status,Primary Email Source,Email Confidence,Primary Email Catch-all Status,Primary Email Last Verified At,Seniority,Departments,Contact Owner,First Phone,Work Direct Phone,Home Phone,Mobile Phone,Corporate Phone,Other Phone,Stage,Lists,Last Contacted,Account Owner,# Employees,Industry,Keywords,Person Linkedin Url,Website,Company Linkedin Url,Facebook Url,Twitter Url,City,State,Country,Company Address,Company City,Company State,Company Country,Company Phone,SEO Description,Technologies,Annual Revenue,Total Funding,Latest Funding,Latest Funding Amount,Last Raised At,Email Sent,Email Open,Email Bounced,Replied,Demoed,Number of Retail Locations,Apollo Contact Id,Apollo Account Id,Secondary Email,Secondary Email Source,Tertiary Email,Tertiary Email Source,Primary Intent Topic,Primary Intent Score,Secondary Intent Topic,Secondary Intent Score
Archit,Chauhan,Co-Founder & CTO,Crib,Crib,archit@crib.in,Likely to engage,Apollo,"",Not Catch-all,2024-10-29T01:20:59+00:00,Founder,"C-Suite, Engineering & Technical",cloud4coolkids@gmail.com,'+91 80694 51894,"","","",'+91 80694 51894,"",Cold,"","",cloud4coolkids@gmail.com,71,real estate,saas,http://www.linkedin.com/in/archit910,http://www.crib.in,http://www.linkedin.com/company/cribdotin,https://www.facebook.com/cribdotin,https://twitter.com/cribdotin,"",Delhi,India,"Bengaluru, Karnataka, India, 560001",Bengaluru,Karnataka,India,'+91 80694 51894,"a digital ecosystem that connects landlords, tenants, and entrepreneurs","Route 53, Gmail, Google Apps, Amazon AWS, Nginx, Google Font API, New Relic, Cedexis Radar, Google Tag Manager, Bootstrap Framework, Google Play, Vimeo, Mobile Friendly, Adobe Media Optimizer",1000000,2228290,Seed,1828290,2023-06-01,"",false,false,false,false,"",6729de4451e2f100010a2c92,6729de4451e2f100010a2cb3,"","","","","","","",""
Ashish,Bhatiya,Regional Credit Head,Supreme Housing Finance Limited,Supreme Housing Finance Limited,ashish.bhatiya@supremehomeloans.com,Likely to engage,Apollo,"",Not Catch-all,2024-10-21T14:45:12+00:00,Head,"",cloud4coolkids@gmail.com,"","","","","","",Cold,"","",cloud4coolkids@gmail.com,310,financial services,"social impact, serving the underbanked, state of the art software, women empowerment, financial inclusion, focus offering loans for self occupied residential units, affordable housing, sanitation & hygiene",http://www.linkedin.com/in/ashish-bhatiya-396425175,http://www.supremehomeloans.com,http://www.linkedin.com/company/supreme-housing-finance-limited,https://www.facebook.com/SupremeHousingFinanceLtd,https://twitter.com/supremehomeloan,Mandsaur,Madhya Pradesh,India,"New Delhi, Delhi, India, 110005",New Delhi,Delhi,India,"","","Gmail, Google Apps, GoDaddy Hosting, Apache, Google Tag Manager, Mobile Friendly, Wix, Google Font API, WordPress.org, Varnish, AI","","","","","","",false,false,false,false,"",6729de4451e2f100010a2c82,6729de4451e2f100010a2cab,"","","","","","","",""
Sovanlal,Banerjee,Regional Manager EMEA,OIP Energy Services,OIP Energy Services,sovanlal@oilindustryprofessional.com,Likely to engage,Apollo,"",Not Catch-all,2024-10-24T07:28:21+00:00,Entry,"",cloud4coolkids@gmail.com,'+91 80160 90266,"","","",'+91 80160 90266,"",Cold,"","",cloud4coolkids@gmail.com,4,staffing & recruiting,"recruitment, staffing, manpower",http://www.linkedin.com/in/sovanlalbanerjee,http://www.oilindustryprofessional.com,http://www.linkedin.com/company/oilindustry,"","","","",India,India,"","",India,'+91 80160 90266,Oil Industry Professional is 100% focused employment platform for people working in the international Oil & Gas Industry hiring domain expertise.,"Mobile Friendly, Apache, Bootstrap Framework, Remote, Stamped, , Data Analytics, Android","","","","","","",false,false,false,false,"",6729de4451e2f100010a2c89,6729de4451e2f100010a2caf,"","","","","","","",""
Surbhi,Shukla,Talent Acquisition Specialist,Genpact,Genpact,surbhi.shukla@genpact.com,Verified,Apollo,"","",2024-10-10T14:22:27+00:00,Entry,Human Resources,cloud4coolkids@gmail.com,'+1 207-227-5200,"","","",'+1 207-227-5200,"",Cold,"","",cloud4coolkids@gmail.com,138000,management consulting,"banking, financial services, energy, insurance, healthcare payer, capital market, healthcare provider, aerospace, hitech, automotive, hospitality, chemical, life science, pharmaceuticals, consumer goods, retail, telecom, transport, logistics, digital transformation, business consulting, professional services, artificial intelligence",http://www.linkedin.com/in/surbhi-shukla2001,http://www.genpact.com,http://www.linkedin.com/company/genpact,https://www.facebook.com/ProudToBeGenpact/,https://twitter.com/genpact,"","",India,"1155 Avenue of the Americas, New York, New York, United States, 10036-0232",New York,New York,United States,'+1 207-227-5200,"Learn how Genpact's data and analytics services turn data into actionable insights, empowering enterprises to make decisions at speed.","CloudFlare CDN, CSC Corporate Domains, Mimecast, CloudFlare Hosting, Rackspace, MX Logic, Microsoft Office 365, Outlook, Amazon AWS, DemandBase, Pardot, VueJS, CloudFlare, BuddyPress, Atlassian Cloud, OneTrust, Salesforce, Mobile Friendly, Google Dynamic Remarketing, Taboola, DoubleClick Conversion, Facebook Custom Audiences, Marketo, Facebook Login (Connect), Bizible, Wistia, Linkedin Marketing Solutions, Google Analytics, Vimeo, reCAPTCHA, DoubleClick Floodlight, Twitter Advertising, Piwik, Avature, YouTube, Google AdWords Conversion, Amadesa, Taleo, New Relic, Hotjar, DoubleClick, Visual Website Optimizer, Quantcast, Google Font API, Google AdSense, Bing Ads, Google Tag Manager, Stripe, Facebook Widget, Bootstrap Framework, Contently, Cedexis Radar, Adobe Media Optimizer, Teads, WordPress.org, Remote, AI",4570000000,2044117652,Other,1000000000,2013-01-01,"",false,false,false,false,"",6729de4451e2f100010a2c90,6729c0f43e3deb00012bb695,"","","","","","","",""
Jithesh,Anand,Chief Executive Officer,myDayOne,myDayOne,jithesh@exlygenze.com,Likely to engage,Apollo,"",Catch-all,2024-11-05T03:16:34+00:00,C suite,C-Suite,cloud4coolkids@gmail.com,"","","","","","",Cold,"","",cloud4coolkids@gmail.com,3,"","",http://www.linkedin.com/in/jithesh-anand-2229877,http://www.exlygenze.com,http://www.linkedin.com/company/mydayoneai,"","",Mumbai,Maharashtra,India,"","","","","","","","","","","","","",false,false,false,false,"",6729de4451e2f100010a2c8b,6729de4451e2f100010a2cb0,jithesh.anand@gmail.com,Apollo,"","","","","",""
Ruchi,Nair,Talent Acquisition,Industrial Light & Magic,Industrial Light & Magic,ruchinair@ilm.com,Likely to engage,Apollo,"",Catch-all,2024-11-05T03:16:34+00:00,Entry,Human Resources,cloud4coolkids@gmail.com,'+1 415-746-3000,"","","",'+1 415-746-3000,"",Cold,"","",cloud4coolkids@gmail.com,3500,entertainment,"",http://www.linkedin.com/in/ruchisharmanair,http://www.ilm.com,http://www.linkedin.com/company/industrial-light-&-magic,https://www.facebook.com/ILMVFX/,https://twitter.com/ILMVFX,Mumbai,Maharashtra,India,"1 Letterman Drive, San Francisco, California, United States, 94129",San Francisco,California,United States,'+1 415-746-3000,"Since 1975, Industrial Light & Magic (ILM) has set the standard for visual effects and established a legacy of innovative and iconic storytelling.","Akamai DNS, Route 53, Gmail, Google Apps, Microsoft Office 365, Zendesk, Amazon AWS, CSC Corporate Domains, Google Cloud Hosting, Backbone JS Library, Amazon SES, Adobe Marketing Cloud, React Redux, React, Jobvite, Google Font API, Bootstrap Framework, WordPress.org, Typekit, Mobile Friendly, YouTube, Remote",450000000,"","","","","",false,false,false,false,"",6729de4451e2f100010a2c80,6710a999dabaa400018d8949,"","","","","","","",""
Aanchal,Bhatia,General Manager HR,Honasa Consumer Ltd.,Honasa Consumer,aanchal.b@mamaearth.in,Likely to engage,Apollo,"",Not Catch-all,2024-10-09T09:14:53+00:00,Manager,Human Resources,cloud4coolkids@gmail.com,'+91 89015 55444,"","","",'+91 89015 55444,"",Cold,"","",cloud4coolkids@gmail.com,760,"health, wellness & fitness","fast-moving consumer goods, consumer products, fmcg, digital first, young parents",http://www.linkedin.com/in/aanchal-bhatia-81942090,http://www.honasa.in,http://www.linkedin.com/company/honasa-consumer-ltd,https://facebook.com/pages/Honasa-consumer-Pvt-Ltd-Mamaearth/109361861602483,https://twitter.com/honasa_india,Gurgaon,Haryana,India,"63, Gurugram, Haryana, India, 122003",Gurugram,Haryana,India,'+91 89015 55444,"","Cloudflare DNS, Gmail, Google Apps, Bootstrap Framework, Google Font API, Shopify, Mobile Friendly, WordPress.org, Google Tag Manager, Woo Commerce, AI",246223000,336506377,Other,16968504,2024-01-01,"",false,false,false,false,"",6729de4451e2f100010a2c7e,6729de4451e2f100010a2caa,"","","","","","","",""
Richa,Singh,Chief Financial Officer,Pernod Ricard India,Pernod Ricard India,richa.singh@pernod-ricard.com,Likely to engage,Apollo,"",Catch-all,2024-10-29T05:44:22+00:00,C suite,"C-Suite, Finance",cloud4coolkids@gmail.com,"","","","","","",Cold,"","",cloud4coolkids@gmail.com,1600,food production,"wine, spirits, alcoholic beverages, seagrams, blenders pride, royal stag, imperial blue, jameson, absolut, chivas regal, jacobs creek, 100 pipers, glenlivet, ballantines, longitude 77, blenders, beefeater, kahlua, malibu liqueurs, martell cognac, royal stag barrel select, blenders pride reserve collection, royal salute",http://www.linkedin.com/in/richaiimb2001,http://www.pernod-ricard.com,http://www.linkedin.com/company/pernodricardindia,"","",Gurgaon,Haryana,India,"Shankar Marg, Gurugram, Haryana, India, 122016",Gurugram,Haryana,India,"","","Amazon CloudFront, CSC Corporate Domains, Route 53, Outlook, Microsoft Office 365, Amazon AWS, Drupal, Pantheon, Adobe Marketing Cloud, Zendesk, Mobile Friendly, YouTube, New Relic, Workday Recruit, Taleo, Google Tag Manager, Varnish, Google Analytics, AddThis, Multilingual, Nginx","","","","","","",false,false,false,false,"",6729de4451e2f100010a2c84,6729de4451e2f100010a2cad,"","","","","","","",""
Ankusha,Patil,Product Manager,ICICI Bank,ICICI Bank,patil.a@icicibank.com,Likely to engage,Apollo,"",Catch-all,2024-10-17T09:54:57+00:00,Manager,Product,cloud4coolkids@gmail.com,'+91 22 3366 7777,"","","",'+91 22 3366 7777,"",Cold,"","",cloud4coolkids@gmail.com,160000,banking,"banking services, commercial banking, investment banking & wealth management, consumer lending, credit cards, digital banking",http://www.linkedin.com/in/ankusha-patil-69b576213,http://www.icicibank.com,http://www.linkedin.com/company/icici-bank,https://www.facebook.com/icicibank,https://twitter.com/icicibank,Bhopal,Madhya Pradesh,India,"1, Mumbai, Maharashtra, India, 400051",Mumbai,Maharashtra,India,'+91 22 3366 7777,"The Private Banking arm of ICICI Bank offers its services in India, UK, Middle East and Singapore. Get expert advice on real estate, insurance, trust services, estate planning, investment solutions and family governance from our team of dedicated investment advisors and relationship managers, backed by high quality research.","Akamai, Akamai DNS, Amazon SES, Outlook, Microsoft Office 365, Microsoft Azure Hosting, Oracle Cloud, AWS SDK for JavaScript, Citrix NetScaler, Flutter, SOASTA, Bootstrap Framework, Google Tag Manager, Google Analytics, Facebook Widget, Visual Website Optimizer, Google Play, YouTube, Facebook Custom Audiences, Mobile Friendly, Facebook Login (Connect), Apache",27491048000,4201770000,Series D,20000000,2022-07-01,"",false,false,false,false,"",6729de4451e2f100010a2ca5,6729c63a6a461600014651ed,"","","","","","","",""
Vishaal,Varma,Co-Founder,Vnetindia.com,Vnetindia.com,vishaal@vmail.in.net,Likely to engage,Apollo,"",Not Catch-all,2024-10-31T12:04:08+00:00,Founder,C-Suite,cloud4coolkids@gmail.com,'+91 80567 71199,"","","",'+91 80567 71199,"",Cold,"","",cloud4coolkids@gmail.com,20,information technology & services,"shared hosting, reseller hosting, vps hosting, cloud hosting, dedicated hosting, migration services, backup solutions, support services, email solutions, web hosting, wordpress hosting, domain names, ssl certificates, application hosting, developers hosting, business hosting, database hosting, advanced hosting, storage solutions, security solutions",http://www.linkedin.com/in/varmavishaal,http://www.vnetindia.com,http://www.linkedin.com/company/vnetindia-com,https://www.facebook.com/vnetindia,https://twitter.com/vnetindia,Puducherry,Puducherry,India,"Amman Koil Street, Puducherry, Puducherry, India, 605005",Puducherry,Puducherry,India,'+91 80567 71199,VNETINDIA offers the best web hosting services. Choose us for reliable and secure customized web hosting solutions in India.Choose us for your hosting needs.,"Amazon SES, SendInBlue, Google Tag Manager, Nginx, Mobile Friendly, Bootstrap Framework, PayU","","","","","","",false,false,false,false,"",6729de4451e2f100010a2c8c,6729de4451e2f100010a2cb1,"","","","","","","",""
Akhilesh,Tuteja,Global Leader - Cyber Security,KPMG,KPMG,atuteja@kpmg.com,Likely to engage,Apollo,"",Not Catch-all,2024-10-18T04:56:13+00:00,Entry,Information Technology,cloud4coolkids@gmail.com,'+31 20 656 7890,"","","",'+31 20 656 7890,"",Cold,"","",cloud4coolkids@gmail.com,273000,accounting,"advisory, tax, audit",http://www.linkedin.com/in/akhileshtuteja,http://www.kpmg.com,http://www.linkedin.com/company/kpmg,https://www.facebook.com/kpmgsouthafrica,https://twitter.com/kpmg_sa,"",Delhi,India,"333 Bay Street, Toronto, Ontario, Canada, M5H 2R2",Toronto,Ontario,Canada,'+31 20 656 7890,"KPMG in Southern Africa comprises the following firms across these regions: South Africa, Mauritius, Zambia, Namibia, Botswana, Zimbabwe, & Mozambique","Akamai, Akamai DNS, MySMTP, ServiceNow, Mixpanel, DemandBase, VueJS, Microsoft Application Insights, Atlassian Cloud, Microsoft Power BI, OneTrust, React Redux, Adobe CQ, Eloqua, Salesforce, Omniture (Adobe), Pardot, Marketo, SuccessFactors (SAP), Active Campaign, MediaMath, Indeed, Webex, AngularJS, Amcharts JS Library, Adobe Media Optimizer, Google Maps, Google AdSense, LiveRamp, SoundCloud, Yahoo Ad Manager Plus, Google Dynamic Remarketing, Teads, Google Play, OpenSSL, Amadesa, ASP.NET, Google Maps (Non Paid Users), Flashtalking, DoubleClick, Gigya, Cornerstone On Demand, Shutterstock, Vimeo, Umantis, YouTube, Scene7, Twitter Advertising, Gettyimages, ON24, New Relic, Kenexa, Disqus, Lever, Open AdStream (Appnexus), Google translate widget, Eventbrite, Google AdWords Conversion, DoubleClick Floodlight, DoubleClick Conversion, Bootstrap Framework, Facebook Custom Audiences, Facebook Login (Connect), Content.ad, Taleo, iCIMS, JQuery 1.11.1, Zencoder, GoToWebinar, Gigya Registration, Cision, Multilingual, WordPress.org, ClickDimensions, Google Font API, Adform, Qualtrics, MailChimp, iTunes, AT Internet, Linkedin Marketing Solutions, Fusioncharts JS Library, EventsAir by Centium, Stripe, Cvent, The Trade Desk, Hubspot, TubeMogul, Highcharts JS Library, Google Analytics, SOASTA, Kaltura, Apache, Dropbox, Google translate API, Google Tag Manager, Yahoo Analytics, Mobile Friendly, Hotjar, OVH, Adobe TestAndTarget, Bing Ads, reCAPTCHA, Cedexis Radar, Facebook Widget, Decibel Insight, JQuery 2.1.1, AppNexus",36000000000,"","","","","",false,false,false,false,"",6729de4451e2f100010a2ca3,6729beacf2c19400015bb191,"","","","","","","",""
Abhishek,Rungta,Founder & CEO,Indus Net Technologies (INT.),Indus Net,talash-archive14@indusnet.co.in,Likely to engage,Apollo,"",Not Catch-all,2024-11-01T08:43:23+00:00,Founder,C-Suite,cloud4coolkids@gmail.com,'+91 80470 92630,"","","",'+91 80470 92630,"",Cold,"","",cloud4coolkids@gmail.com,1100,information technology & services,"web & mobility solutions, it solutions & services, products & platforms, engineering services, cloud services, ai, ml, data science, customised bfsi solutions, customised pharma solutions, customised healthcare solutions, web 30 services, analytics services, salesforce consulting",http://www.linkedin.com/in/abhishek-rungta-6094a41,http://www.indusnet.co.in,http://www.linkedin.com/company/indus-net-technologies,https://www.facebook.com/IndusNetTechnologies,https://twitter.com/indusnettech,Kolkata,West Bengal,India,"Salt Lake Bypass, Kolkata, West Bengal, India, 700091",Kolkata,West Bengal,India,'+91 80470 92630,"Indus Net Technologies is a full-stack digital service company, using cutting-edge technologies to drive digital transformation & create disruptive products","Gmail, Google Apps, Microsoft Office 365, Amazon AWS, Hubspot, React, Google Analytics, Facebook Custom Audiences, Linkedin Marketing Solutions, Google Tag Manager, DoubleClick Conversion, Apache, Vimeo, Mobile Friendly, Cloudinary, DoubleClick, Facebook Login (Connect), Google Font API, YouTube, Segment.io, Google AdWords Conversion, Mixpanel, WordPress.org, Podio, reCAPTCHA, Facebook Widget, Hotjar, Facebook Comments, Twitter Advertising, Google Dynamic Remarketing, Bootstrap Framework, Google Plus, AI, Reviews",11000000,"","","","","",false,false,false,false,"",6729de4451e2f100010a2c8e,6729de4451e2f100010a2cb2,carungtaabhishek@gmail.com,Apollo,"","","","","",""
Sneha,Arora,Chief Human Resources Officer,Simpl,Simpl,sneha.arora@getsimpl.com,Likely to engage,Apollo,"",Catch-all,2024-11-04T10:27:25+00:00,C suite,"C-Suite, Human Resources",cloud4coolkids@gmail.com,'+91 96199 93074,"","","",'+91 96199 93074,"",Cold,"","",cloud4coolkids@gmail.com,520,consumer services,"e-commerce, finance technology, payments, credit, financial services, consumer internet, finance, internet, information technology, technology, financial technology, payment network, consumer services",http://www.linkedin.com/in/arora-sneha,http://www.getsimpl.com,http://www.linkedin.com/company/simplhq,http://www.facebook.com/getsimpl,http://www.twitter.com/getsimpl,"",Karnataka,India,"Bengaluru, Karnataka, India, 560008",Bengaluru,Karnataka,India,'+91 96199 93074,"","Salesforce, Route 53, Amazon SES, Gmail, Google Apps, MailChimp SPF, Microsoft Office 365, Amazon AWS, Mixpanel, Zendesk, Lever, Webflow, Facebook Custom Audiences, Google Play, Facebook Login (Connect), Facebook Widget, Google Dynamic Remarketing, DoubleClick Conversion, Google Tag Manager, Google Analytics, iTunes, Bing Ads, Mobile Friendly, DoubleClick, AI",1000000,90700000,Series B,40000000,2021-11-01,"",false,false,false,false,"",6729de4451e2f100010a2c94,6729dc8aa2393c0001260041,sneha.arora@gmail.com,Apollo,"","","","","",""
Deep,Bajaj,Advisory Board Member,Carpet Couture by Rashi - Customised Handmade Carpets & Rugs from India,Carpet Couture by Rashi,deep@carpetcouture.com,Likely to engage,Apollo,"",Not Catch-all,2024-10-13T16:15:53+00:00,Entry,"",cloud4coolkids@gmail.com,'+91 82760 59021,"","","",'+91 82760 59021,"",Cold,"","",cloud4coolkids@gmail.com,19,mechanical or industrial engineering,"contemporary handmade carpets, designer carpets, indias first brand of couture carpets, customised carpets, excellent designs, inputs, carpets for hotels, handmade carpets from india, woolen handmade rugs, flat weaves, hantufted carpets",http://www.linkedin.com/in/deepbajaj,http://www.carpetcouture.com,http://www.linkedin.com/company/carpet-couture-by-rashi,https://www.facebook.com/CarpetCoutureByRashi,https://twitter.com/couturecarpet,Gurgaon,Haryana,India,"382 100 Feet Road, New Delhi, Delhi, India, 110030",New Delhi,Delhi,India,'+91 82760 59021,"Carpet Showroom in Delhi - Luxury Handmade Carpets Showroom & Rugs Store in Delhi, India. Shop designer rugs & carpets online. ⭐ Wide & Unique Collection ⭐ Seamless Delivery","Gmail, Google Apps, Shopify Product Reviews, Mobile Friendly, Google Tag Manager, Facebook Widget, Facebook Custom Audiences, Shopify, Vimeo, Google Dynamic Remarketing, DoubleClick Conversion, DoubleClick, Facebook Login (Connect), Google Analytics, Cedexis Radar, Wishpond, Adobe Media Optimizer","","","","","","",false,false,false,false,"",6729de4451e2f100010a2c98,6729de4451e2f100010a2cb5,deepbajaj@gmail.com,Apollo,"","","","","",""
Rozy,Thakur,Talent Acquisition- Senior Tech & Product Leadership Hiring,Google,Google,rojee@google.com,Likely to engage,Apollo,"",Catch-all,2024-10-14T07:14:09+00:00,Senior,"Product, Human Resources",cloud4coolkids@gmail.com,'+1 650-253-0000,"","","",'+1 650-253-0000,"",Cold,"","",cloud4coolkids@gmail.com,302000,information technology & services,"e-commerce, fashion, retail, social commerce, consumer internet, internet, information technology, search, ads, mobile, android, online video, apps, machine learning, virtual reality, cloud, hardware, artificial intelligence, youtube, software",http://www.linkedin.com/in/rojeethakur,http://www.google.com,http://www.linkedin.com/company/google,https://facebook.com/Google,http://twitter.com/Cat5BoatShoes.com,Bengaluru,Karnataka,India,"1600 Amphitheatre Parkway, Mountain View, California, United States, 94043",Mountain View,California,United States,'+1 650-253-0000,"",Remote,305600000000,1754679420,Series B,50000000,2022-02-01,"",false,false,false,false,"",6729de4451e2f100010a2c9c,670f7c145dcec601b00676ef,"","","","","","","",""
Nataraj,Expert,Chief Executive Officer,Grow Rapid - LinkedIn Personal Branding Company,Grow Rapid,nataraj@grow-rapid.com,Likely to engage,Apollo,"",Not Catch-all,2024-11-04T19:32:02+00:00,C suite,C-Suite,cloud4coolkids@gmail.com,'+91 81809 29829,"","","",'+91 81809 29829,"",Cold,"","",cloud4coolkids@gmail.com,12,marketing & advertising,"linkedin, copy writing, linkedin personal branding, linkedin lead generation, linkedin company branding, personal branding",http://www.linkedin.com/in/nataraj-personal-branding-expert-9bb82257,http://www.grow-rapid.com,http://www.linkedin.com/company/growr-rapid,"","",Chennai,Tamil Nadu,India,"3rd Main Road, Bengaluru, Karnataka, India, 560043",Bengaluru,Karnataka,India,'+91 81809 29829,"Unlock the true potential of your personal brand on LinkedIn with GrowRapid. Our 100% done-for-you LinkedIn Personal Branding solutions will skyrocket your visibility, connections, and opportunities on the world's largest professional network. Get all from Growrapid New!","Outlook, Microsoft Office 365, Google Cloud Hosting, Mobile Friendly, Shutterstock, Wix, Varnish, SAP, React Native, , Node.js, IoT, Remote, Laravel, Flutter, Android, Python, , Basis, AI, Render, TikTok, Reviews, , ","","","","","","",false,false,false,false,"",6729de4451e2f100010a2ca0,6729de4451e2f100010a2cb7,"","","","","","","",""
Renukadevi,Thirumavalavan,Talent Acquisition Specialist,Tata Consultancy Services,Tata Consultancy Services,t.renukadevi@tcs.com,Likely to engage,Apollo,"","",2024-10-25T04:37:20+00:00,Entry,Human Resources,cloud4coolkids@gmail.com,'+91 22677 89999,"","","",'+91 22677 89999,"",Cold,"","",cloud4coolkids@gmail.com,630000,information technology & services,"it services, business solutions, consulting",http://www.linkedin.com/in/renukadevi-thirumavalavan-90a0b01bb,http://www.tcs.com,http://www.linkedin.com/company/tata-consultancy-services,https://facebook.com/TataConsultancyServices,https://twitter.com/TCS,Tiruchirappalli,Tamil Nadu,India,"Mumbai, Maharashtra, India, 400001",Mumbai,Maharashtra,India,'+91 22677 89999,"TCS, a global leader in IT services, consulting, and business solutions, leverages technology for business transformation and helps catalyze change. Learn more.","Akamai, Marketo, Microsoft Office 365, Adobe Marketing Cloud, OneTrust, Omniture (Adobe), Salesforce, YouTube, AppNexus, Google Maps, Scene7, Facebook Login (Connect), Facebook Widget, Webex, Bootstrap Framework, Google Maps (Non Paid Users), Adobe Media Optimizer, Facebook Custom Audiences, Cvent, Mobile Friendly, Google Analytics, Bootstrap Framework v3.1.1, ON24, DemandBase, Apache, AngularJS, WordPress.org, Linkedin Marketing Solutions, Google Tag Manager, Google Font API, Vimeo, Cedexis Radar, DoubleClick Floodlight, Shutterstock, Akamai RUM",29297808000,5000000,Series A,5000000,2022-03-01,"",false,false,false,false,"",6729de4451e2f100010a2c9e,6710a99adabaa400018d8c3e,"","","","","","","",""
Pradeep,M,Data Integrity & Reporting Analyst,Deloitte,Deloitte,pm@deloitte.com,Likely to engage,Apollo,"",Catch-all,2024-10-18T05:20:59+00:00,Entry,"",cloud4coolkids@gmail.com,'+1 212-618-4363,"","","",'+1 212-618-4363,"",Cold,"","",cloud4coolkids@gmail.com,9,management consulting,"audit, consulting, financial advisory, risk management, tax services",http://www.linkedin.com/in/pradeep-m-analyst,http://www.deloitte.com,http://www.linkedin.com/company/deloitte,https://www.facebook.com/DeloitteLU/,https://twitter.com/deloitte,Hyderabad,Telangana,India,"14740 West 101st Terrace, Lenexa, Kansas, United States, 66215",Lenexa,Kansas,United States,'+1 212-618-4363,"","Akamai, AT&T DNS, Microsoft Office 365, Taboola Newsroom, DemandBase, Brightcove, Adobe CQ, Taleo, Eloqua, Pardot, Amazon SES, Atlassian Cloud, Monday, Microsoft Power BI, AWS SDK for JavaScript, OneTrust, Visual-Basic-.NET, GitHub Hosting, Adobe Marketing Cloud, Marketo, Omniture (Adobe), Salesforce, SuccessFactors (SAP), MongoDB, ServiceNow, Google Font API, RocketFuel, Zencoder, Google Analytics Ecommerce Tracking, Google Remarketing, F5 BIG-IP, WordPress.org, New Relic, Gigya, Facebook Widget, Linkedin Marketing Solutions, Gigya Registration, Optimizely, AT Internet, MemberClicks, iTunes, ON24, Google translate widget, CrazyEgg, Lever, Confirmit, Cvent, Amadesa, Facebook Login (Connect), AngularJS, Mobile Friendly, Linkedin Login, Google Maps, reCAPTCHA, EventsAir by Centium, YouTube, Bootstrap Framework v3.1.1, Shutterstock, Google translate API, Eventbrite, Cision, Desire2Learn / Brightspace, Formassembly, Facebook Custom Audiences, DoubleClick, SoundCloud, Yahoo Retargeting, LiveRamp, Google Tag Manager, SOASTA, Hotjar, Vimeo, DoubleClick Floodlight, Taboola, Questback, Cedexis Radar, Adobe Media Optimizer, Stripe, Google Analytics, The Trade Desk, Twitter Advertising, OpinionLab, Indeed, Linkedin Widget, Workday Recruit, Google Play, Open AdStream (Appnexus), PC Recruiter, Qualtrics, Google Maps (Non Paid Users), Walkme, Multilingual, Sizmek (MediaMind), Krux, Marin, Indeed Sponsored Ads, Bing Ads, ClickDimensions, BugHerd, Bootstrap Framework, DoubleClick Conversion, Google AdSense, JQuery 1.11.1, Google Dynamic Remarketing, CampaignMonitor, Wistia, Adform, Typekit, Highcharts JS Library, Fusioncharts JS Library, Google AdWords Conversion, AppNexus, Adobe TestAndTarget, Cloudinary, Remote",32700000000,76149014,Other,7340759,2024-01-01,"",false,false,false,false,"",6729de4451e2f100010a2ca7,67108ac912076c01b06d23cb,"","","","","","","",""
Santhosh,Babu,Founder OD Alternatives and Orglens,OD Alternatives (ODA),OD Alternatives,santhosh@odalternatives.com,Likely to engage,Apollo,"",Catch-all,2024-10-13T23:41:14+00:00,Founder,C-Suite,cloud4coolkids@gmail.com,'+91 98102 88145,"","","",'+91 98102 88145,"",Cold,"","",cloud4coolkids@gmail.com,36,human resources,"high performing teams, top team alignment, accelerated leadership development, organization development, developing high potentials, learning & development interventions, organization development initiatives, od certification, triple loop learning, od interventions & initiatives, executive coaching, growth & transformation initiatives, culture mapping & culture change, triple loops learning",http://www.linkedin.com/in/odalternatives,http://www.odalternatives.com,http://www.linkedin.com/company/od-alternatives,"","",Madikeri,Karnataka,India,"New Delhi, Delhi, India, 110017",New Delhi,Delhi,India,'+91 98102 88145,Activate the invisible glue that holds your organization together because you need more than human capital to untap your organization's potential!,"ElasticEmail, Gmail, Google Apps, Salesforce, reCAPTCHA, WordPress.org, Google Font API, Facebook Widget, Mobile Friendly, Facebook Login (Connect)","","","","","","",false,false,false,false,"",6729de4451e2f100010a2c85,6729de4451e2f100010a2cae,hypnobaba@gmail.com,Apollo,"","","","","",""
Manish,Gadekar,US Regulatory Advisory Sales Specialist,ACA Compliance Group,ACA Compliance Group,manish.gadekar@acacompliancegroup.com,Likely to engage,Apollo,"",Not Catch-all,2024-10-31T03:14:23+00:00,Entry,"Legal, Sales",cloud4coolkids@gmail.com,'+1 212-951-1030,"","","",'+1 212-951-1030,"",Cold,"","",cloud4coolkids@gmail.com,520,financial services,"risk, cybersecurity, private fund, regulatory compliance, financial & regulatory reporting, aifmd, gips compliance verification & consulting, regtech, investment technology, regulatory technology, performance services, fsa authorization services, gips verification & consulting, education & training, gdpr, aml, employee compliance, investment company, brokerdealer, nfa member services, tax, investment adviser, trade surveillance, personal trading compliance",http://www.linkedin.com/in/manishgadekar,http://www.acacompliancegroup.com,http://www.linkedin.com/company/aca-compliance-group,https://facebook.com/acacompliance/,https://twitter.com/acacompliance,Pimpri-Chinchwad,Maharashtra,India,"1370 Broadway, New York, New York, United States, 10003",New York,New York,United States,'+1 212-951-1030,"","Salesforce, ExactTarget, Outlook, Pardot, Microsoft Office 365, Zendesk, Amazon AWS, Drupal, Atlassian Cloud, OneTrust, Google Font API, AI",160000000,40000000,Other,40000000,2020-07-01,"",false,false,false,false,"",6729de4451e2f100010a2c96,6729de4451e2f100010a2cb4,"","","","","","","",""
Tushar,Khandelwal,Founder & CEO,Basil,Basil,tushar@basilplus.in,Verified,Apollo,"",Not Catch-all,2024-11-02T08:08:28+00:00,Founder,C-Suite,cloud4coolkids@gmail.com,"","","","","","",Cold,"","",cloud4coolkids@gmail.com,20,staffing & recruiting,"",http://www.linkedin.com/in/2sharkk,http://www.basil-search.com,http://www.linkedin.com/company/basil-search,"","",Mumbai,Maharashtra,India,"Bandra Kurla Complex Road, Mumbai, Maharashtra, India, 400051",Mumbai,Maharashtra,India,"","","Google Font API, Mobile Friendly, Bootstrap Framework, WordPress.org, SAP, AI, Lightspeed, Canva, Python, Reviews","","","","","","",false,false,false,false,"",6729de4451e2f100010a2c83,6729de4451e2f100010a2cac,"","","","","","","",""
Vivek,Dalvi,Assistant Manager Recruitment,EVERSANA,EVERSANA,vivek.dalvi@eversana.com,Likely to engage,Apollo,"",Catch-all,2024-10-14T12:01:27+00:00,Manager,Human Resources,cloud4coolkids@gmail.com,'+1 877-627-2509,"","","",'+1 877-627-2509,"",Cold,"","",cloud4coolkids@gmail.com,7000,pharmaceuticals,"regulatory, management, specialty consulting, research, insights, global pricing strategies, patient, payer, provider marketing services, field medical, market access, sales, global channel management, 3pl, specialty pharmacy, inhome nursing, hub, adherence solutions, affordability programs, medical communications, pharmacovigilance, revenue management, digital strategies, therapy transformation, patient analytics services, integrated patientlevel data, commercial analytics platform, rwe, heor global services, global launch expertise, payer reimbursement strategies",http://www.linkedin.com/in/vivek-dalvi-a46805180,http://www.eversana.com,http://www.linkedin.com/company/eversana,"",https://twitter.com/eversanacompany,"",Karnataka,India,"205 N Michigan Ave, Chicago, Illinois, United States, 60601-3009",Chicago,Illinois,United States,'+1 877-627-2509,"","Salesforce, Cloudflare DNS, Microsoft Office 365, CloudFlare Hosting, Pardot, Microsoft Application Insights, Atlassian Cloud, Drift, OneTrust, Webflow, Google Maps (Non Paid Users), Linkedin Marketing Solutions, Google Analytics, Simpli.fi, Google AdWords Conversion, Google Maps, Pingdom, Mobile Friendly, Google Tag Manager, WordPress.org, Vimeo, Content.ad, Remote",390000000,"","","","","",false,false,false,false,"",6729de4451e2f100010a2c9a,6729de4451e2f100010a2cb6,"","","","","","","",""
Neha,Hirwani,Technical Recruiter,YASH Technologies,YASH,neha.hirwani@yash.com,Likely to engage,Apollo,"",Not Catch-all,2024-10-24T08:22:12+00:00,Entry,Human Resources,cloud4coolkids@gmail.com,'+1 773-442-0125,"","","",'+1 773-442-0125,"",Cold,"","",cloud4coolkids@gmail.com,10000,information technology & services,"information management services, infrastructure services, lifecycle management, mobility services, quality assurance & testing services, data analytics, rpa, machinelearning, automation, big data, robotic process automation, artificial intelligence, sap, cloud, application management services",http://www.linkedin.com/in/neha-hirwani-123608207,http://www.yash.com,http://www.linkedin.com/company/yash-technologies,https://facebook.com/YASHCorporate,https://twitter.com/YASH_Tech,Indore,Madhya Pradesh,India,"605 17th Avenue, East Moline, Illinois, United States, 61244",East Moline,Illinois,United States,'+1 773-442-0125,YASH Technologies is a leading Digital Solution Company for Business IT Solutions. YASH is a Right Sized Technology Partner of Choice.,"Outlook, Microsoft Office 365, Amazon AWS, Sendgrid, Gmail, Google Apps, SuccessFactors (SAP), Leadfeeder, Salesforce, Google Analytics, Google Maps (Non Paid Users), Google Play, Facebook Login (Connect), Facebook Custom Audiences, Amadesa, Mobile Friendly, Google Font API, Hubspot, Bootstrap Framework, Linkedin Widget, Apache, YouTube, Vimeo, Linkedin Login, iTunes, Google Maps, Facebook Widget, Google Tag Manager, Linkedin Marketing Solutions, WordPress.org, reCAPTCHA, SAP, Remote, , , Proofpoint",350000000,"","","","","",false,false,false,false,"",6729de4451e2f100010a2c7c,6729de4451e2f100010a2ca9,"","","","","","","",""
Nupur,Mehta,"Director - Healthcare, Technology and HR",Michael Page,Michael Page,nupurmehta@michaelpage.co.in,Likely to engage,Apollo,"",Not Catch-all,2024-10-31T12:05:08+00:00,Director,Human Resources,cloud4coolkids@gmail.com,'+1 212-661-4800,"","","",'+1 212-661-4800,"",Cold,"","",cloud4coolkids@gmail.com,11000,staffing & recruiting,"",http://www.linkedin.com/in/nupurmehtampi,http://www.michaelpage.com,http://www.linkedin.com/company/michael-page,https://facebook.com/michaelpageusa,https://twitter.com/MichaelPageUS,Mumbai,Maharashtra,India,"Addlestone, England, United Kingdom, KT15 1",Addlestone,England,United Kingdom,'+1 212-661-4800,"","Mimecast, Microsoft Office 365, Outlook, CSC Corporate Domains, Mailchimp Mandrill, Melbourne IT, Microsoft Azure Hosting, VueJS, OneTrust, Amazon SES, Google Analytics, Google Tag Manager, Linkedin Marketing Solutions, reCAPTCHA, Facebook Custom Audiences, Hotjar, Criteo, Google Play, Twitter Advertising, Bootstrap Framework, Facebook Login (Connect), Mobile Friendly, Amadesa, Facebook Widget, Optimizely, Remote, Basis, AI",500000000,"","","","","",false,false,false,false,"",6729de4451e2f100010a2c87,6710a999dabaa400018d891e,"","","","","","","",""
