First Name,Last Name,Title,Company,Company Name for Emails,Email,Email Status,Primary Email Source,Email Confidence,Primary Email Catch-all Status,Primary Email Last Verified At,Seniority,Departments,Contact Owner,First Phone,Work Direct Phone,Home Phone,Mobile Phone,Corporate Phone,Other Phone,Stage,Lists,Last Contacted,Account Owner,# Employees,Industry,Keywords,Person Linkedin Url,Website,Company Linkedin Url,Facebook Url,Twitter Url,City,State,Country,Company Address,Company City,Company State,Company Country,Company Phone,SEO Description,Technologies,Annual Revenue,Total Funding,Latest Funding,Latest Funding Amount,Last Raised At,Email Sent,Email Open,Email Bounced,Replied,Demoed,Number of Retail Locations,Apollo Contact Id,Apollo Account Id,Secondary Email,Secondary Email Source,Tertiary Email,Tertiary Email Source,Primary Intent Topic,Primary Intent Score,Secondary Intent Topic,Secondary Intent Score
Anam,Mujawar,Group Head - HR,RepIndia,RepIndia,anam.mujawar@repindia.com,Likely to engage,Apollo,"",Not Catch-all,2024-10-14T18:07:28+00:00,Head,Human Resources,cloud4coolkids@gmail.com,'+91 98183 50700,"","","",'+91 98183 50700,"",Cold,"","",cloud4coolkids@gmail.com,310,marketing & advertising,"",http://www.linkedin.com/in/anam-mujawar-1687a7b0,http://www.repindia.com,http://www.linkedin.com/company/repindia,https://www.facebook.com/RepIndia/,https://twitter.com/repindia,Mumbai,Maharashtra,India,"New Delhi, Delhi, India, 110030",New Delhi,Delhi,India,'+91 98183 50700,"RepIndia is one of the top leading digital marketing companies in India. We offers best digital marketing service like SEO, SMO, PPC, ORM services.","Cloudflare DNS, Gmail, Google Apps, CloudFlare Hosting, Google Dynamic Remarketing, Google Analytics, Mobile Friendly, reCAPTCHA, DoubleClick, Google Tag Manager, DoubleClick Conversion, WordPress.org, YouTube, Google Font API, Bootstrap Framework, Basis, Vimeo, AI",3500000,"","","","","",false,false,false,false,"",6729df1ad9f1710001b28e4f,6729df1ad9f1710001b28e72,"","","","","","","",""
Jaspreet,Bindra,Co-Founder and CEO,AI&Beyond,AI&Beyond,thetechwhisperer@jaspreetbindra.com,Likely to engage,Apollo,"",Not Catch-all,2024-11-01T18:19:06+00:00,Founder,C-Suite,cloud4coolkids@gmail.com,"","","","","","",Cold,"","",cloud4coolkids@gmail.com,7,management consulting,"ai, genai, bootcamps, executive briefings, ai keynotes",http://www.linkedin.com/in/jaspreetbindra,http://www.aiandbeyond.ai,http://www.linkedin.com/company/aiandbeyond,"","",Gurgaon,Haryana,India,"Gurgaon Faridabad Road, Gurugram, Haryana, India, 122002",Gurugram,Haryana,India,"","","Outlook, Microsoft Office 365, Google Tag Manager, Mobile Friendly, Nginx, Google Font API, WordPress.org","","","","","","",false,false,false,false,"",6729df1ad9f1710001b28e3f,6729df1ad9f1710001b28e6c,"","","","","","","",""
Sean,Ross,"★ Vice President, Global Practice Manager, India Global Capability Center - Oil, Gas, Chemical ★",Burns & McDonnell India,Burns & McDonnell India,sross@burnsmcd.com,Likely to engage,Apollo,"",Catch-all,2024-10-30T18:26:07+00:00,Vp,"",cloud4coolkids@gmail.com,'+91 92073 45791,"","","",'+91 92073 45791,"",Cold,"","",cloud4coolkids@gmail.com,1400,management consulting,"process design, energy, engineering, technical support, oil, gas, chemicals, petrochemicals, transmission, distribution, environmental, water, commercial aviation fueling, building solutions",http://www.linkedin.com/in/seanrossbmcd,http://www.burnsmcd.com,http://www.linkedin.com/company/burns-mcdonnell-india,"","",Mumbai,Maharashtra,India,"L B S Marg, Mumbai, Maharashtra, India, 400079",Mumbai,Maharashtra,India,'+91 92073 45791,"Burns & McDonnell provides engineering, architecture, construction, environmental and consulting solutions. We plan, design, permit, construct and manage facilities with one mission in mind: Make our clients successful.","Outlook, ServiceNow, MailChimp SPF, Microsoft Office 365, Hubspot, VueJS, DoubleClick Floodlight, Wistia, Mobile Friendly, Linkedin Marketing Solutions, Google Tag Manager, Taleo, Google Places, Hotjar, Google Font API, Google Analytics, LiveRamp, React, Bootstrap Framework, Yahoo Analytics, Dropbox, Google Maps, Yahoo Ad Manager Plus, Remote","","","","","","",false,false,false,false,"",6729df1ad9f1710001b28e46,6729df1ad9f1710001b28e6f,sorr12@gmail.com,Apollo,"","","","","",""
Megha,Kunwar,Talent Acquisition Lead,Tata Consultancy Services,Tata Consultancy Services,m.kunwar@tcs.com,Likely to engage,Apollo,"","",2024-10-10T07:46:04+00:00,Manager,Human Resources,cloud4coolkids@gmail.com,'+91 22677 89999,"","","",'+91 22677 89999,"",Cold,"","",cloud4coolkids@gmail.com,630000,information technology & services,"it services, business solutions, consulting",http://www.linkedin.com/in/megha-kunwar-6aba22123,http://www.tcs.com,http://www.linkedin.com/company/tata-consultancy-services,https://facebook.com/TataConsultancyServices,https://twitter.com/TCS,Pune,Maharashtra,India,"Mumbai, Maharashtra, India, 400001",Mumbai,Maharashtra,India,'+91 22677 89999,"TCS, a global leader in IT services, consulting, and business solutions, leverages technology for business transformation and helps catalyze change. Learn more.","Akamai, Marketo, Microsoft Office 365, Adobe Marketing Cloud, OneTrust, Omniture (Adobe), Salesforce, YouTube, AppNexus, Google Maps, Scene7, Facebook Login (Connect), Facebook Widget, Webex, Bootstrap Framework, Google Maps (Non Paid Users), Adobe Media Optimizer, Facebook Custom Audiences, Cvent, Mobile Friendly, Google Analytics, Bootstrap Framework v3.1.1, ON24, DemandBase, Apache, AngularJS, WordPress.org, Linkedin Marketing Solutions, Google Tag Manager, Google Font API, Vimeo, Cedexis Radar, DoubleClick Floodlight, Shutterstock, Akamai RUM",29297808000,5000000,Series A,5000000,2022-03-01,"",false,false,false,false,"",6729df1ad9f1710001b28e60,6710a99adabaa400018d8c3e,"","","","","","","",""
Raja,Chengti,Mentor Of Change,NITI Aayog,NITI Aayog,raja.chengti@niti.gov.in,Likely to engage,Apollo,"","",2024-11-05T09:02:19+00:00,Entry,"",cloud4coolkids@gmail.com,'+1 301-314-6739,"","","",'+1 301-314-6739,"",Cold,"","",cloud4coolkids@gmail.com,1100,government administration,"research, policy analysis, monitoring, evaluation",http://www.linkedin.com/in/raja-chengti-5714b148,http://www.niti.gov.in,http://www.linkedin.com/company/nitiaayog,https://www.facebook.com/NITIAayog/,https://twitter.com/NITIAayog,Bengaluru,Karnataka,India,"Sansad Marg, New Delhi, Delhi, India, 110001",New Delhi,Delhi,India,'+1 301-314-6739,Home | NITI Aayog,"Akamai, Vimeo, Cedexis Radar, Adobe Media Optimizer, Bootstrap Framework, Google Maps (Non Paid Users), Google Maps, Highcharts JS Library, Hotjar, Mobile Friendly, Apache, WordPress.org, YouTube, Google Analytics, Google Play, DoubleClick, Google Tag Manager, Google translate widget, Google Font API, Twitter Advertising, Google translate API, reCAPTCHA, AngularJS, Remote, AI","","","","","","",false,false,false,false,"",6729df1ad9f1710001b28e55,6729df1ad9f1710001b28e75,"","","","","","","",""
Aman,Nischal,Manager - Talent Attraction & Acquisition,EY,EY,aman.nischal@in.ey.com,Likely to engage,Apollo,"","",2024-10-21T13:14:40+00:00,Manager,Human Resources,cloud4coolkids@gmail.com,'+44 20 7951 2000,"","","",'+44 20 7951 2000,"",Cold,"","",cloud4coolkids@gmail.com,357000,information technology & services,"advisory, assurance, tax, transactions, audit, mergers, m, a, financial services, accounting, professional services, law, technology, consulting, data, transformation, strategy, legal, digital transformation, growth, managed services",http://www.linkedin.com/in/amannischal,http://www.ey.com,http://www.linkedin.com/company/ernstandyoung,https://www.facebook.com/pages/Ernst-Young/195665063800329,https://twitter.com/EYnews,"",Delhi,India,"6 More London Riverside, London, England, United Kingdom, SE1",London,England,United Kingdom,'+44 20 7951 2000,Five key SEC priorities in 2024,"Sendgrid, Microsoft Azure Hosting, Brightcove, Adobe Marketing Cloud, Microsoft Application Insights, Atlassian Cloud, SignalR, Adobe CQ, SuccessFactors (SAP), Zendesk, Webex, Woo Commerce, Adobe Media Optimizer, Linkedin Login, Twitter Advertising, Disqus, Zencoder, Adobe TestAndTarget, WordPress.org, Taleo, ADX Studio, Mobile Friendly, DoubleClick Conversion, Backbone JS Library, Linkedin Widget, Yahoo Ad Manager Plus, Omniture (Adobe), Workday Recruit, Google Maps (Non Paid Users), Google AdWords Conversion, Google Play, Facebook Login (Connect), Cedexis Radar, Paczkomaty, Amadesa, Baidu Ads, Bing Ads, JQuery 2.1.1, Bootstrap Framework, YouTube, Shutterstock, Nginx, Google Maps, Vimeo, Facebook Widget, Open AdStream (Appnexus), The Trade Desk, SharePoint, Google Tag Manager, Cvent, Google translate API, Google Font API, Stripe, Content.ad, Yahoo Analytics, DoubleClick Floodlight, Fusioncharts JS Library, Google AdSense, Teads, DoubleClick, Multilingual, Cision, Hotjar, Marketo, SiteScout, TubeMogul, AngularJS, reCAPTCHA, Cloudinary, MediaPlatform, Eloqua, DocuSign, Qualtrics, Kaltura, Typekit, Google Analytics, ON24, Facebook Custom Audiences, Google Places, Google translate widget, Google Dynamic Remarketing, New Relic, AppDynamics, JQuery 1.11.1, Linkedin Marketing Solutions, Remote",49400000000,"","","","","",false,false,false,false,"",6729df1ad9f1710001b28e4a,67109ac41295e80001c3d24e,amannischal36@gmail.com,Apollo,"","","","","",""
Siddharth,Dubey,Regional Trade Marketing Manager,Storia Foods and Beverages,Storia Foods and Beverages,siddharth.dubey@storiafoods.com,Likely to engage,Apollo,"","",2024-10-21T14:44:55+00:00,Manager,Marketing,cloud4coolkids@gmail.com,'+91 73044 69307,"","","",'+91 73044 69307,"",Cold,"","",cloud4coolkids@gmail.com,300,food & beverages,"beverages, distribution, marketing",http://www.linkedin.com/in/siddharth-dubey-b2a1b88b,http://www.storiafoods.com,http://www.linkedin.com/company/storia-foods-and-beverages,"",https://twitter.com/storiafoods,New Delhi,Delhi,India,"Mahakali Caves Road, Mumbai, Maharashtra, India, 400093",Mumbai,Maharashtra,India,'+91 73044 69307,"","Amazon AWS, Facebook Custom Audiences, Apache, Bootstrap Framework, Google AdWords Conversion, Google Analytics, Google AdSense, DoubleClick Conversion, Mobile Friendly, Google Tag Manager, DoubleClick, Facebook Login (Connect), Google Dynamic Remarketing, Facebook Widget","",6000000,Series A,6000000,2021-10-01,"",false,false,false,false,"",6729df1ad9f1710001b28e51,6729df1ad9f1710001b28e73,"","","","","","","",""
Allavi,Hasan,"Associate, Campus Recruiter",Goldman Sachs,Goldman Sachs,allavi.hasan@gs.com,Likely to engage,Apollo,"",Not Catch-all,2024-10-21T14:44:37+00:00,Entry,Human Resources,cloud4coolkids@gmail.com,'+1 212-902-1000,"","","",'+1 212-902-1000,"",Cold,"","",cloud4coolkids@gmail.com,57000,financial services,"financial services, finance technology, payments, consumer internet, finance, internet, information technology",http://www.linkedin.com/in/allavihasan,http://www.goldmansachs.com,http://www.linkedin.com/company/goldman-sachs,https://facebook.com/goldmansachs/,https://twitter.com/GoldmanSachs,Bengaluru,Karnataka,India,"200 West St, New York, New York, United States, 10282-2101",New York,New York,United States,'+1 212-902-1000,"","Microsoft Office 365, Akamai, CloudFlare CDN, CloudFlare Hosting, Adobe Marketing Cloud, Zendesk, iCIMS, Salesforce, StatusPage IO, Flywheel, Atlassian Cloud, GitHub Hosting, Bing Ads, Mobile Friendly, SiteScout, Vimeo, SOASTA, SkimLinks, Kaltura, Adobe Media Optimizer, Amadesa, ThePlatform, Qualtrics, Google Tag Manager, Linkedin Marketing Solutions, Parse.ly, Google Font API, Stripe, Adobe CQ, Disqus, Google Play, Cedexis Radar, Marketo, React, Bootstrap Framework, Google Analytics, Google Places, Gumgum, Facebook Widget, Facebook Login (Connect), Apache, Google Maps, Liferay, Facebook Custom Audiences, WordPress.org, Twitter Advertising, Cvent, Mixpanel, Remote, AI, Basis, Micro",12730000000,2730000000,Other,180000000,2023-04-01,"",false,false,false,false,"",6729df1ad9f1710001b28e4c,670f9061cc078002ce3f937e,"","","","","","","",""
Sanjoy,Dey,Regional Manager,B2B Travel Agency,B2B Travel Agency,sanjoy.dey@b2btravelagency.com,Likely to engage,Apollo,"",Not Catch-all,2024-11-04T15:41:46+00:00,Manager,"",cloud4coolkids@gmail.com,'+91 22696 93333,"","","",'+91 22696 93333,"",Cold,"","",cloud4coolkids@gmail.com,120,"leisure, travel & tourism","",http://www.linkedin.com/in/sanjoy-dey-%f0%9f%87%ae%f0%9f%87%b3-87349814b,http://www.b2btravelagency.com,http://www.linkedin.com/company/b2btravelagency,https://www.facebook.com/B2BTravelAgency,https://twitter.com/B2BTravelAgency,Kolkata,West Bengal,India,"Seaport Airport Road, Ernakulam, Kerala, India, 682037",Ernakulam,Kerala,India,'+91 22696 93333,"Discover top B2B travel deals and customizable tour packages from India’s largest travel consolidator B2B travel agency. Enjoy free white-label solutions, b2b deals in flights, hotels, travel insurance, and holiday packages effortlessly with our 24/7 customer support.","Gmail, Google Apps, Amazon AWS, Microsoft-IIS, Google Tag Manager, Google Font API, Bootstrap Framework, Canvas by Instructure, Google Analytics, ASP.NET, Mobile Friendly, Circle","","","","","","",false,false,false,false,"",6729df1ad9f1710001b28e3d,6729df1ad9f1710001b28e6b,"","","","","","","",""
Tanvi,Agarwal,Technical Product Consultant II,Adobe,Adobe,tanviagarwal@adobe.com,Likely to engage,Apollo,"",Catch-all,2024-10-10T14:19:58+00:00,Entry,Consulting,cloud4coolkids@gmail.com,'+1 408-536-6000,"","","",'+1 408-536-6000,"",Cold,"","",cloud4coolkids@gmail.com,43000,information technology & services,"advertising, consumer internet, internet, information technology, software, creative cloud, digital marketing, web experience management, digital media, creative suite, digital publishing, photoshop, online analytics, illustrator, touch apps, acrobat, mobile apps, social marketing, web marketing, social measurement",http://www.linkedin.com/in/tanvi-agarwal-848858221,http://www.adobe.com,http://www.linkedin.com/company/adobe,https://facebook.com/Adobe,https://twitter.com/AdobeMktgCloud,"",Delhi,India,"345 Park Avenue, San Jose, California, United States, 95110",San Jose,California,United States,'+1 408-536-6000,"Adobe is changing the world through digital experiences. We help our customers create, deliver and optimize content and applications.","Akamai, Akamai DNS, Outlook, Adobe Connect, Open AdStream (Appnexus), Multilingual, Unreal Engine, Omniture (Adobe), Facebook Widget, iPerceptions, Facebook Login (Connect), DemandBase, Adobe Media Optimizer, Akamai RUM, Scene7, Eventbrite, Marketo, Amadesa, Advanced Solutions International (ASi), UserVoice, SOASTA, Nginx, OpenSSL, Google Font API, Vimeo, Apache, Bing Ads, Ruby On Rails, YouTube, iTunes, Ghostery (formerly Evidon), Google Analytics, BugHerd, Typekit, Varnish, Google Play, Google Tag Manager, New Relic, Mobile Friendly",20947000000,20000000,Series C,10000000,2013-05-30,"",false,false,false,false,"",6729df1ad9f1710001b28e5a,670f65832ecc4302ce66ffd6,"","","","","","","",""
Pranay,Deep,Software Development Manager | SDM3,Amazon,Amazon,pranayd@amazon.com,Likely to engage,Apollo,"","",2024-10-26T03:22:44+00:00,Manager,Engineering & Technical,cloud4coolkids@gmail.com,'+1 206-266-1000,"","","",'+1 206-266-1000,"",Cold,"","",cloud4coolkids@gmail.com,716000,information technology & services,"ecommerce, retail, operations, internet",http://www.linkedin.com/in/pranay-deep,http://www.amazon.com,http://www.linkedin.com/company/amazon,https://facebook.com/Amazon/,https://twitter.com/amazon,Bengaluru,Karnataka,India,"2127 7th Avenue, Seattle, Washington, United States, 98121",Seattle,Washington,United States,'+1 206-266-1000,"","Amazon SES, Amazon AWS, Marketo, Bootstrap Framework, Amazon Associates, Omniture (Adobe), Salesforce, Content.ad, Shutterstock, Mobile Friendly, Facebook Login (Connect), Amazon Payments, Adobe Media Optimizer, Cedexis Radar, React, Wistia, Open AdStream (Appnexus), Multilingual, Ruby On Rails, Google Font API, Pardot, AT Internet, Qualtrics, Sizmek (MediaMind), Facebook Widget, greyscale - grey, Linkedin Marketing Solutions, YouTube, Apache, Vimeo, Facebook Custom Audiences, Google Play, Google Tag Manager, ",604330000000,8059100009,Debt Financing,8000000009,2023-01-01,"",false,false,false,false,"",6729df1ad9f1710001b28e5c,670f67fa6485ff01b12ba2b0,"","","","","","","",""
Jinto,Dsouza,Principal Recruiter,Atlan,Atlan,jinto.dsouza@atlan.com,Likely to engage,Apollo,"",Not Catch-all,2024-10-22T12:43:32+00:00,Entry,Human Resources,cloud4coolkids@gmail.com,"","","","","","",Cold,"","",cloud4coolkids@gmail.com,400,information technology & services,"big data, big data analytics, predictive analytics, databases, enterprise software, software, information technology, data & analytics, data, analytics, data catalog, data governance, data lineage, data team, data culture, dataops, data engineering, metadata, active metadata, metadata management",http://www.linkedin.com/in/jintodsouza,http://www.atlan.com,http://www.linkedin.com/company/atlan-hq,https://www.facebook.com/SocialCops,https://twitter.com/Social_Cops,Bengaluru,Karnataka,India,"New York, New York, United States, 10001",New York,New York,United States,"","Atlan is an active metadata platform for modern data teams, that helps them discover, understand, trust, and collaborate on data assets.","Cloudflare DNS, Sendgrid, Gmail, Google Apps, Microsoft Office 365, Zendesk, CloudFlare Hosting, Amazon AWS, WP Engine, Hubspot, Multilingual, Mobile Friendly, Facebook Custom Audiences, Google AdWords Conversion, YouTube, Google Tag Manager, DoubleClick Conversion, Facebook Widget, FullStory, Disqus, Lever, Adobe TestAndTarget, AddThis, WordPress.org, Facebook Login (Connect), Mixpanel, Adobe Media Optimizer, TubeMogul, Visual Website Optimizer, Segment.io, Google Font API, DoubleClick, Cedexis Radar, LiveRamp, Twitter Advertising, Vimeo, Google Analytics, Linkedin Marketing Solutions, Google Dynamic Remarketing, CrazyEgg, Ruby On Rails, Bing Ads, reCAPTCHA, Looker, Domo, Snowflake, , Sisense, Remote, AI, Alteryx, SAP Analytics Cloud, Tableau, IoT, Render, SAP, Stitch, Python, Scala, Circle, Basis, Reviews, , Databricks, Data Storage, Android, TikTok, Discord, , Autodesk",7500000,201500000,Series C,105000000,2024-04-01,"",false,false,false,false,"",6729df1ad9f1710001b28e6a,6729df1ad9f1710001b28e7c,"","","","","","","",""
Mini,Juneja,Talent Acquisition Leader,Avalara,Avalara,mini.juneja@avalara.com,Likely to engage,Apollo,"","",2024-10-29T19:45:28+00:00,Entry,Human Resources,cloud4coolkids@gmail.com,'+1 877-220-2591,"","","",'+1 877-220-2591,"",Cold,"","",cloud4coolkids@gmail.com,5100,information technology & services,"software, accounting, enterprise application, information technology, sales tax automation, sales tax compliance, tax return filing services, exemption certificate management, ecommerce integrations",http://www.linkedin.com/in/mini-juneja-08483420,http://www.avalara.com,http://www.linkedin.com/company/avalara,https://www.facebook.com/avalara,http://www.twitter.com/avalara,Gurugram,Haryana,India,"512 N Mangum St, Durham, North Carolina, United States, 27701-2414",Durham,North Carolina,United States,'+1 877-220-2591,"Avalara Property Tax helps you avoid missing due dates, easily file in new and complex jurisdictions, and reduce the high cost of manually managing tax returns.","Amazon CloudFront, Salesforce, NSOne, Route 53, Mailchimp Mandrill, Mimecast, Outlook, Zuora, Amazon AWS, Facebook Conversion Tracking, DemandBase, Bootstrap Framework, StatusPage IO, Adobe Marketing Cloud, VueJS, Atlassian Cloud, Pipedrive, Drift, OneTrust, React Redux, The Trade Desk, Salesforce Live Agent, iCIMS, Eloqua, Salesforce Service Cloud, MongoDB, MemberClicks, Twitter Advertising, Google Maps, WordPress.org, Piwik, Facebook Custom Audiences, Google Maps (Non Paid Users), DoubleClick Conversion, Linkedin Login, Stripe, Intershop, Bing Ads, Microsoft-IIS, Mixpanel, Cedexis Radar, Cvent, Nginx, Google Dynamic Remarketing, Multilingual, Adobe CQ, Linkedin Marketing Solutions, Linkedin Widget, Disqus, Amadesa, AngularJS, DoubleClick, Mobile Friendly, Adobe Media Optimizer, Scene7, Ruby On Rails, New Relic, Facebook Login (Connect), YouTube, ON24, Google Font API, AppNexus, Walkme, Google Plus, Google Analytics Ecommerce Tracking, Typekit, Google Analytics, Google Tag Manager, Wistia, Qualtrics, FullStory, Vimeo, Facebook Widget, reCAPTCHA, IfByPhone, Avalara",699000000,494599991,Series D,96000000,2018-06-04,"",false,false,false,false,"",6729df1ad9f1710001b28e42,6729c1c304fc9400017a96c5,"","","","","","","",""
Priya,Khanna,Deputy Manager,SPECTRAFORCE India,SPECTRAFORCE India,priya.khanna@spectraforce.com,Likely to engage,Apollo,"",Not Catch-all,2024-10-22T18:22:38+00:00,Manager,"",cloud4coolkids@gmail.com,'+91 91988 76786,"","","",'+91 91988 76786,"",Cold,"","",cloud4coolkids@gmail.com,230,staffing & recruiting,"staffing firms, staffing, projects outsourcing, offshore delivery centers, product development, recruiting, recruitment",http://www.linkedin.com/in/priya-khanna-06846ab4,http://www.spectraforce.com,http://www.linkedin.com/company/spectraforceindia,"","",Malerkotla,Punjab,India,"Sahibzada Ajit Singh Nagar, Punjab, India, 160055",Sahibzada Ajit Singh Nagar,Punjab,India,'+91 91988 76786,"","",300000000,"","","","","",false,false,false,false,"",6729df1ad9f1710001b28e44,6729df1ad9f1710001b28e6e,"","","","","","","",""
Srishti,Pande,Senior Recruiter,BrowserStack,BrowserStack,srishti.p@browserstack.com,Likely to engage,Apollo,"",Not Catch-all,2024-10-24T08:08:31+00:00,Senior,Human Resources,cloud4coolkids@gmail.com,"","","","","","",Cold,"","",cloud4coolkids@gmail.com,1400,information technology & services,"saas, developer tools, cloud infrastructure, testing, enterprise software, software, information technology, mobile testing, web testing, crossbrowser testing, real devices, functional testing, responsive testing, manual tests, automation, selenium, javascript unit testing, appium, espresso, xcuitest, quality assurance, debugging, continuous integration, continuous delivery, devops",http://www.linkedin.com/in/srishti-pande-16706917a,http://www.browserstack.com,http://www.linkedin.com/company/browserstack,https://www.facebook.com/BrowserStack,http://twitter.com/@browserstack,Bengaluru,Karnataka,India,"2 North Wall Quay, Dublin, County Dublin, Ireland, D01 A0F4",Dublin,County Dublin,Ireland,"","Instant access to 3000+ browsers and real iOS and Android devices for cross browser testing. Ship apps and websites that work for everyone, every time. Get Free Trial.","CloudFlare CDN, Route 53, Amazon SES, Gmail, Google Apps, Microsoft Office 365, Amazon AWS, CloudFlare Hosting, Amplitude, StatusPage IO, Grafana, WP Engine, Salesforce, Facebook Widget, Cloudinary, Google AdWords Conversion, Bing Ads, Google Maps (Non Paid Users), iTunes, Multilingual, Google Dynamic Remarketing, Workday Recruit, Google AdSense, Facebook Custom Audiences, Amadesa, Facebook Login (Connect), Stripe, Ruby On Rails, Django, Google Play, Cornerstone On Demand, Disqus, Google Font API, Wistia, Google Tag Manager, Open AdStream (Appnexus), AngularJS, Twitter Advertising, YouTube, Mobile Friendly, reCAPTCHA, Hubspot, Phusion Passenger, DoubleClick Conversion, Cedexis Radar, Visual Website Optimizer, Vimeo, Errorception, Ember JS Library, WordPress.org, Bootstrap Framework, Adobe Media Optimizer, Intershop, Linkedin Marketing Solutions, Google Analytics, DoubleClick, Google Maps, Typekit, Android, Browserstack, Remote, Basis, AI",50924000,250000000,Series B,200000000,2021-06-16,"",false,false,false,false,"",6729df1ad9f1710001b28e59,6729df1ad9f1710001b28e77,srishtipande@gmail.com,Apollo,"","","","","",""
Devansh,Lakhani,Director & Startup Fundraising expert,Lakhani Financial Services,Lakhani Financial Services,devansh@lakhanifinancialservices.com,Likely to engage,Apollo,"",Not Catch-all,2024-10-08T13:04:18+00:00,Director,"",cloud4coolkids@gmail.com,'+91 99201 94885,"","","",'+91 99201 94885,"",Cold,"","",cloud4coolkids@gmail.com,20,financial services,"financial advisory, financial investments, startup financing, personal financial planning, startup funding, business plan, pitch deck, startup valuation",http://www.linkedin.com/in/devanshlakhani-financial-services,http://www.lakhanifinancialservices.com,http://www.linkedin.com/company/lakhani-financial-services,https://facebook.com/people/Lakhani-Financial-Services/100092155680359/?mibextid=ZbWKwL,https://twitter.com/devanshlakhani,Mumbai,Maharashtra,India,"Mumbai, Maharashtra, India, 400086",Mumbai,Maharashtra,India,'+91 99201 94885,"","Cloudflare DNS, MailJet, Gmail, Google Apps, CloudFlare Hosting, Micro, Data Analytics, Basis, Reviews, IoT, AI","","","","","","",false,false,false,false,"",6729df1ad9f1710001b28e5e,6729df1ad9f1710001b28e78,"","","","","","","",""
Aditya,Sharma,Data Architect,PepsiCo,PepsiCo,aditya.sharma@pepsico.com,Likely to engage,Apollo,"","",2024-11-05T09:02:19+00:00,Entry,Information Technology,cloud4coolkids@gmail.com,'+1 914-253-3500,"","","",'+1 914-253-3500,"",Cold,"","",cloud4coolkids@gmail.com,318000,food & beverages,"manufacturing, sales, marketing, brand management, gatorade, tropicana, quaker oats, fritolay, pepsi, mtn dew, doritos, mirinda, pepsi max, tostitos, aquafina, sierra mist, fritos, lipton, cheetos, 7up",http://www.linkedin.com/in/aditya-sharma-8914ab89,http://www.pepsico.com,http://www.linkedin.com/company/pepsico,https://facebook.com/PepsiCo,https://twitter.com/pepsico,Hyderabad,Telangana,India,"700 Anderson Hill Road, Harrison, New York, United States, 10577",Harrison,New York,United States,'+1 914-253-3500,"","Outlook, Microsoft Office 365, VueJS, ExactTarget, Atlassian Cloud, OneTrust, React Redux, Salesforce, Vimeo, Google Tag Manager, YouTube, Google Analytics, reCAPTCHA, Mobile Friendly, Remote",92054000000,10709000000,Debt Financing,8400000000,2023-05-01,"",false,false,false,false,"",6729df1ad9f1710001b28e68,670f68c06485ff01b12bb3f7,"","","","","","","",""
Sharad,Mishra,Vice President & Head - HR,The Hi-Tech Gears Ltd.,The Hi-Tech Gears,sharad.mishra@thehitechgears.com,Likely to engage,Apollo,"",Not Catch-all,2024-10-19T16:13:50+00:00,Vp,Human Resources,cloud4coolkids@gmail.com,'+91 12 4471 5100,"","","",'+91 12 4471 5100,"",Cold,"","",cloud4coolkids@gmail.com,690,automotive,"mobility solutions, powertrain, transmission, engine gears, driveline, precision gears, shafts, powder metallurgy components",http://www.linkedin.com/in/sharad-mishra-955460134,http://www.thehitechgears.com,http://www.linkedin.com/company/the-hi-tech-gears,https://facebook.com/pages/category/Automotive-Parts-Store/The-Hi-Tech-Gears-Ltd-1394510977472639/,https://twitter.com/thehitechgears,Gurugram,Haryana,India,"Gurugram, Haryana, India, 122009",Gurugram,Haryana,India,'+91 12 4471 5100,"","Outlook, GoDaddy Hosting, Bootstrap Framework, Apache, Mobile Friendly, reCAPTCHA, AI, Remote",133280000,"","","","","",false,false,false,false,"",6729df1ad9f1710001b28e62,6729df1ad9f1710001b28e79,"","","","","","","",""
Harshit,Jain,Senior Software Engineer,Intuit,Intuit,harshit_jain@intuit.com,Likely to engage,Apollo,"","",2024-10-20T13:13:00+00:00,Senior,Engineering & Technical,cloud4coolkids@gmail.com,'+1 650-944-6000,"","","",'+1 650-944-6000,"",Cold,"","",cloud4coolkids@gmail.com,18000,information technology & services,"software, payments, computers, information technology, consumer internet, internet, intuit solves unmet needs that customers would never have dreamed possible whether in the cloud saas, paas, mobile, or data, we bring realworld solutions that change the way business is done around the world",http://www.linkedin.com/in/harshit-jain-bb51292a,http://www.intuit.com,http://www.linkedin.com/company/intuit,https://facebook.com/intuit,https://twitter.com/Intuit,Bengaluru,Karnataka,India,"2700 Coast Avenue, Mountain View, California, United States, 94043",Mountain View,California,United States,'+1 650-944-6000,"","Akamai, Salesforce, Akamai DNS, NSOne, MailChimp SPF, Microsoft Office 365, Quickbooks Online, Google Play, ON24, Google Analytics, Akamai RUM, Optimizely, Lithium Technologies, DoubleClick, SOASTA, AppDynamics, UserVoice, YouTube, Truste, BugHerd, Google Tag Manager, GoToWebinar, Mobile Friendly, Tealium, Ruby On Rails, Adobe Media Optimizer, Segment.io, Eloqua, Nginx, WordPress.org, Google Font API, Bazaarvoice, reCAPTCHA, Apache, Remote, Intuit",16285000000,8480700000,Debt Financing,750000000,2023-09-01,"",false,false,false,false,"",6729df1ad9f1710001b28e66,6729df1ad9f1710001b28e7b,hjain.tech@gmail.com,Apollo,"","","","","",""
Smita,Parab,Recruitment Consultant (Hospitality),Talent Gate,Talent Gate,smita@talentgate.co.in,Likely to engage,Apollo,"",Not Catch-all,2024-10-21T14:44:37+00:00,Entry,"Human Resources, Consulting",cloud4coolkids@gmail.com,'+40 21 224 7124,"","","",'+40 21 224 7124,"",Cold,"","",cloud4coolkids@gmail.com,9,staffing & recruiting,"career orientation, recruitment, talent acquisition, talent management",http://www.linkedin.com/in/smita-parab-b2498226,http://www.talentgate.ro,http://www.linkedin.com/company/talent-gate,"","",Mumbai,Maharashtra,India,"47 Strada Alexandru Constantinescu, Bucharest, Bucharest, Romania, 011472",Bucharest,Bucharest,Romania,'+40 21 224 7124,"","","","","","","","",false,false,false,false,"",6729df1ad9f1710001b28e48,6729df1ad9f1710001b28e70,smita_menon07@rediffmail.com,Apollo,"","","","","",""
Ajay,Bhargava,Talent Acquisition Specialist,EXL,EXL,ajay.bhargava2@exlservice.com,Likely to engage,Apollo,"",Catch-all,2024-10-10T10:34:42+00:00,Entry,Human Resources,cloud4coolkids@gmail.com,'+1 212-277-7100,"","","",'+1 212-277-7100,"",Cold,"","",cloud4coolkids@gmail.com,34000,management consulting,"operations management, decision analytics, technology platforms, healthcare, finance, accounting, insurance, risk, financial management, travel, transportation & logistics, banking & financial services, operations, process excellence, utilities, analytics, digital transformation, management consulting, finance transformation, it audit, artificial intelligence, automation, robotics, machine learning, nlp",http://www.linkedin.com/in/ajay-bhargava-10672020b,http://www.exlservice.com,http://www.linkedin.com/company/exl-service,https://facebook.com/ExlService/,https://twitter.com/exl_service,Noida,Uttar Pradesh,India,"320 Park Avenue, New York, New York, United States, 10022",New York,New York,United States,'+1 212-277-7100,"We combine our cloud-first digital insurance solutions and domain expertise with AI, machine learning, analytics and platforms. Learn more.","Mailchimp Mandrill, Outlook, Microsoft Office 365, Route 53, Drupal, Amazon SES, Atlassian Cloud, Citrix, AWS SDK for JavaScript, Adobe Marketing Cloud, Salesforce, Hubspot, Google Tag Manager, AppNexus, The Trade Desk, Google AdWords Conversion, ShareThis, Bootstrap Framework, Mobile Friendly, WordPress.org, New Relic, Adobe Media Optimizer, Cornerstone On Demand, Incapsula, DoubleClick, Nginx, Akamai RUM, ON24, Linkedin Marketing Solutions, Varnish, Google Font API, Google Dynamic Remarketing, Google AdSense, Marketo, Hotjar, UltiPro, Google Analytics, Typekit, Vimeo, CrazyEgg, JQuery 1.11.1, Cedexis Radar, DoubleClick Conversion, Gettyimages, SharePoint, Open AdStream (Appnexus), User Trust (Comodo), AI",1709902000,67500000,Other,67500000,2006-10-01,"",false,false,false,false,"",6729df1ad9f1710001b28e64,6729df1ad9f1710001b28e7a,"","","","","","","",""
Hrishikesh,Pardeshi,"Co-Founder, CTO, Product Manager",Flexiple,Flexiple,hrishikesh.pardeshi@flexiple.com,Likely to engage,Apollo,"",Catch-all,2024-11-05T07:42:50+00:00,Founder,"C-Suite, Product, Engineering & Technical",cloud4coolkids@gmail.com,"","","","","","",Cold,"","",cloud4coolkids@gmail.com,58,information technology & services,"technology, freelancing, website development, mobile app development, javascript, ui, ux designing, back end, front end, java, python, rubyonrails, nodejs, angularjs, reactjs, product design, dotnet",http://www.linkedin.com/in/hrishikesh-pardeshi-40885316,http://www.flexiple.com,http://www.linkedin.com/company/flexipletech,"","",Bengaluru,Karnataka,India,"Claymont, Delaware, United States, 19703",Claymont,Delaware,United States,"","","Cloudflare DNS, Gmail, Google Apps, MailChimp SPF, CloudFlare Hosting, Netlify, Greenhouse.io, Lever, Cedexis Radar, Ruby On Rails, Facebook Widget, Twitter Advertising, Google Font API, Facebook Custom Audiences, Stripe, Adobe Media Optimizer, reCAPTCHA, Facebook Login (Connect), Google Play, Vimeo, Mobile Friendly, Mixpanel, Google Tag Manager, , React Native, Android, Remote, Flutter, , Python, Reviews, Basis, AI","","","","","","",false,false,false,false,"",6729df1ad9f1710001b28e4e,6729df1ad9f1710001b28e71,hrishikesh.pardeshi@gmail.com,Apollo,"","","","","",""
Manish,Taneja,Co-founder and CEO,Purplle.com,Purplle.com,manish.taneja@purplle.com,Likely to engage,Apollo,"",Not Catch-all,2024-10-28T10:49:46+00:00,Founder,C-Suite,cloud4coolkids@gmail.com,'+91 86555 00222,"","","",'+91 86555 00222,"",Cold,"","",cloud4coolkids@gmail.com,1100,information technology & services,"e-commerce platforms, beauty, grooming & salons, spa",http://www.linkedin.com/in/manish-taneja-64657116,http://www.purplle.com,http://www.linkedin.com/company/purplle-com,https://facebook.com/letspurplle,https://twitter.com/letspurplle,Mumbai,Maharashtra,India,"Lal Bahadur Shastri Marg, Mumbai, Maharashtra, India, 400086",Mumbai,Maharashtra,India,'+91 86555 00222,"","Route 53, Amazon SES, Gmail, Google Apps, Google Cloud Hosting, Facebook Conversion Tracking, KISSmetrics, Freshdesk, Hubspot, Google Play, YouTube, DoubleClick Conversion, Mobile Friendly, Facebook Login (Connect), Atlas by Facebook, WordPress.org, Google Maps, Criteo, DoubleClick, Google Analytics Ecommerce Tracking, Bootstrap Framework, Ruby On Rails, Vimeo, Google AdWords Conversion, Google Dynamic Remarketing, Facebook Custom Audiences, Facebook Widget, Adobe Media Optimizer, Twitter Advertising, Cedexis Radar, Google Remarketing, Google Tag Manager, ShareThis, DoubleClick Floodlight, CrazyEgg, Google Analytics, Google Font API, Shutterstock, Google AdSense, Bing Ads, AI",56891000,2708000000,Other,120000000,2024-06-01,"",false,false,false,false,"",6729df1ad9f1710001b28e53,6729df1ad9f1710001b28e74,"","","","","","","",""
Purnima,Mehta,HR,CS Soft Solutions (India) Pvt Ltd,CS Soft Solutions Pvt,purnima.mehta@cssoftsolutions.com,Likely to engage,Apollo,"",Not Catch-all,2024-10-21T13:43:51+00:00,Entry,Human Resources,cloud4coolkids@gmail.com,'+91 62849 99068,"","","",'+91 62849 99068,"",Cold,"","",cloud4coolkids@gmail.com,600,information technology & services,"php development, mobile applications, online marketing solutions, consulting, microsoft technologies, open source technologies, designing, copywriting, business analysis, quality assurance, software development, digital marketing, paid marketing, brand promotions, online reputation management, social media marketing, marketing automation",http://www.linkedin.com/in/purnima-mehta-5a478278,http://www.cssoftsolutions.com,http://www.linkedin.com/company/cs-soft-solutions-india-pvt-ltd,https://www.facebook.com/cssoftsolutionsindiaprivateltd,https://twitter.com/CSSoftSolution3,Sahibzada Ajit Singh Nagar,Punjab,India,"Sahibzada Ajit Singh Nagar, Punjab, India, 160055",Sahibzada Ajit Singh Nagar,Punjab,India,'+91 62849 99068,"Your one-stop solution for web, software, & mobile app development services. Elevate your digital presence with the CS Soft Solutions expert team. Call us Now!","Cloudflare DNS, Outlook, Microsoft Office 365, CloudFlare Hosting, Amazon AWS, reCAPTCHA, Google Tag Manager, DoubleClick Conversion, DoubleClick, ASP.NET, YouTube, Mobile Friendly, WordPress.org, Google Dynamic Remarketing, Google Font API, Google AdWords Conversion, Bootstrap Framework, Lucky Orange, Google Analytics, Visual Website Optimizer, Microsoft-IIS, Google AdSense, , Remote",2043000,"","","","","",false,false,false,false,"",6729df1ad9f1710001b28e57,6729df1ad9f1710001b28e76,"","","","","","","",""
Subhajit,Bose,Human Resources,Shapoorji Pallonji Group,Shapoorji Pallonji Group,subhajit.bose@shapoorji.com,Likely to engage,Apollo,"",Catch-all,2024-10-30T08:27:35+00:00,Entry,Human Resources,cloud4coolkids@gmail.com,'+91 22674 90000,"","","",'+91 22674 90000,"",Cold,"","",cloud4coolkids@gmail.com,60000,construction,"construction, epc, real estate, infrastructure, oil, gas, power, solar power, water solutions, ports, terminals, banking automation solutions, industrial solutions, engineering, mep, marine works, urban infrastructure, hybrid & energy solutions, it parks, transmission, distribution, sewage treatment plants, purifiers, automobile plants, publishing, precision tools",http://www.linkedin.com/in/subhajit-bose-94b08233,http://www.shapoorjipallonji.com,http://www.linkedin.com/company/shapoorji-pallonji-&-co--ltd-,https://facebook.com/ShapoorjiPallonjiRealEstate/,https://twitter.com/SPREINDIA,Baduria,West Bengal,India,"41/44 Minoo Desai Marg, Mumbai, Maharashtra, India, 400005",Mumbai,Maharashtra,India,'+91 22674 90000,"Top MNC company, Shapoorji Pallonji Group is one of India's leading conglomerate companies with diversified businesses in Engineering & Construction, Infrastructure, Energy, Real Estate, Water Purifying and Recycling and Financial Services. Delivering challenging projects for over 150 years. We operate in 6 major business areas with 13 group companies, 3 divisions and a strong workforce of over 60,000 people from across 40+ nationalities.","Microsoft Azure Hosting, Google Analytics, Mobile Friendly, Google Tag Manager, OpenSSL, Apache, Google Font API, Remote",5604621000,60000000,Private Equity,60000000,2023-12-01,"",false,false,false,false,"",6729df1ad9f1710001b28e40,6729df1ad9f1710001b28e6d,subhajitbose.kolkata@gmail.com,Apollo,"","","","","",""
